SYNCH	2026-10-09T02:26:46.430795Z	sync.1.quiet	sync	61	2270
SYNCH	2026-10-09T02:26:53.109127Z	sync.1.quiet	sync	81	2270
SYNCH	2026-10-09T02:26:59.741892Z	sync.1.quiet	sync	101	2270
SYNCH	2026-10-09T02:27:06.374700Z	sync.1.quiet	sync	121	2270
SYNCH	2026-10-09T02:27:13.045373Z	sync.1.quiet	sync	141	2270
SYNCH	2026-10-09T02:27:20.043307Z	sync.1.quiet	sync	161	2270
SYNCH	2026-10-09T02:27:26.701508Z	sync.1.quiet	sync	181	2270
SYNC	sync.1.quiet	sync	61	181	40.3	7	0	2270
SYNCH	2026-10-09T02:27:33.377457Z	sync.1.N32	sync	201	2270
SYNCH	2026-10-09T02:27:52.370048Z	sync.1.N32	sync	221	2270
SYNCH	2026-10-09T02:28:16.145060Z	sync.1.N32	sync	241	2271
SYNC	sync.1.N32	sync	201	241	42.8	3	0	2271
SYNCH	2026-10-09T02:28:16.145060Z	sync.1.quiet32	sync	241	2271
SYNCH	2026-10-09T02:28:29.204650Z	sync.1.quiet32	sync	261	2271
SYNCH	2026-10-09T02:28:35.889641Z	sync.1.quiet32	sync	281	2272
SYNCH	2026-10-09T02:28:42.607855Z	sync.1.quiet32	sync	301	2272
SYNCH	2026-10-09T02:28:49.311364Z	sync.1.quiet32	sync	321	2272
SYNCH	2026-10-09T02:28:56.056707Z	sync.1.quiet32	sync	341	2272
SYNCH	2026-10-09T02:29:02.778313Z	sync.1.quiet32	sync	361	2272
SYNCH	2026-10-09T02:29:09.504156Z	sync.1.quiet32	sync	381	2272
SYNC	sync.1.quiet32	sync	241	381	53.4	8	0	2272
SYNCH	2026-10-09T02:29:09.504156Z	sync.1.N64	sync	381	2272
SYNCH	2026-10-09T02:29:26.494873Z	sync.1.N64	sync	401	2272
SYNCH	2026-10-09T02:29:51.556226Z	sync.1.N64	sync	421	2272
SYNC	sync.1.N64	sync	381	421	42.1	3	0	2272
SYNCH	2026-10-09T02:29:51.556226Z	sync.1.quiet64	sync	421	2272
SYNCH	2026-10-09T02:30:06.382177Z	sync.1.quiet64	sync	441	2272
SYNCH	2026-10-09T02:30:13.180096Z	sync.1.quiet64	sync	461	2272
SYNCH	2026-10-09T02:30:19.948257Z	sync.1.quiet64	sync	481	2272
SYNCH	2026-10-09T02:30:26.738248Z	sync.1.quiet64	sync	501	2272
SYNCH	2026-10-09T02:30:33.572049Z	sync.1.quiet64	sync	521	2272
SYNCH	2026-10-09T02:30:40.383249Z	sync.1.quiet64	sync	541	2272
SYNCH	2026-10-09T02:30:47.194638Z	sync.1.quiet64	sync	561	2272
SYNC	sync.1.quiet64	sync	421	561	55.6	8	0	2272
SYNCH	2026-10-09T02:30:47.194638Z	sync.1.N8	sync	561	2272
SYNCH	2026-10-09T02:30:59.913115Z	sync.1.N8	sync	581	2272
SYNCH	2026-10-09T02:31:19.598726Z	sync.1.N8	sync	601	2272
SYNCH	2026-10-09T02:31:37.927284Z	sync.1.N8	sync	621	2273
SYNC	sync.1.N8	sync	561	621	50.7	4	0	2273
SYNCH	2026-10-09T02:31:37.927284Z	sync.1.quiet8	sync	621	2273
SYNCH	2026-10-09T02:31:50.626124Z	sync.1.quiet8	sync	641	2273
SYNCH	2026-10-09T02:31:57.454015Z	sync.1.quiet8	sync	661	2273
SYNCH	2026-10-09T02:32:04.322000Z	sync.1.quiet8	sync	681	2273
SYNCH	2026-10-09T02:32:11.173408Z	sync.1.quiet8	sync	701	2273
SYNCH	2026-10-09T02:32:18.043119Z	sync.1.quiet8	sync	721	2273
SYNCH	2026-10-09T02:32:24.912339Z	sync.1.quiet8	sync	741	2273
SYNC	sync.1.quiet8	sync	621	741	47.0	7	0	2273
SYNCH	2026-10-09T02:32:31.808292Z	sync.1.N16	sync	761	2273
SYNCH	2026-10-09T02:32:50.804971Z	sync.1.N16	sync	781	2273
SYNCH	2026-10-09T02:33:13.997044Z	sync.1.N16	sync	801	2273
SYNC	sync.1.N16	sync	761	801	42.2	3	0	2273
SYNCH	2026-10-09T02:33:13.997044Z	sync.1.quiet16	sync	801	2273
SYNCH	2026-10-09T02:33:28.653864Z	sync.1.quiet16	sync	821	2273
SYNCH	2026-10-09T02:33:35.558266Z	sync.1.quiet16	sync	841	2273
SYNCH	2026-10-09T02:33:42.498854Z	sync.1.quiet16	sync	861	2273
SYNCH	2026-10-09T02:33:49.425881Z	sync.1.quiet16	sync	881	2273
SYNCH	2026-10-09T02:33:56.344949Z	sync.1.quiet16	sync	901	2273
SYNCH	2026-10-09T02:34:03.280754Z	sync.1.quiet16	sync	921	2273
SYNC	sync.1.quiet16	sync	801	921	49.3	7	0	2273
SYNCH	2026-10-09T02:34:10.218676Z	sync.1.ttfb	sync	941	2273
SYNCH	2026-10-09T02:34:18.595379Z	sync.1.ttfb	sync	961	2273
SYNCH	2026-10-09T02:34:27.122516Z	sync.1.ttfb	sync	981	2273
SYNCH	2026-10-09T02:34:35.667044Z	sync.1.ttfb	sync	1001	2273
SYNC	sync.1.ttfb	sync	941	1001	25.4	4	0	2273
SYNCH	2026-10-09T02:35:18.487333Z	nice.1.quiet	nice	61	2273
SYNCH	2026-10-09T02:35:25.652075Z	nice.1.quiet	nice	81	2273
SYNCH	2026-10-09T02:35:32.307154Z	nice.1.quiet	nice	101	2273
SYNCH	2026-10-09T02:35:38.983204Z	nice.1.quiet	nice	121	2273
SYNCH	2026-10-09T02:35:45.645358Z	nice.1.quiet	nice	141	2273
SYNCH	2026-10-09T02:35:52.314817Z	nice.1.quiet	nice	161	2273
SYNCH	2026-10-09T02:35:58.988288Z	nice.1.quiet	nice	181	2273
SYNC	nice.1.quiet	nice	61	181	40.5	7	0	2273
SYNCH	2026-10-09T02:35:58.988288Z	nice.1.N32	nice	181	2273
SYNCH	2026-10-09T02:36:05.692946Z	nice.1.N32	nice	201	2273
SYNCH	2026-10-09T02:36:12.555428Z	nice.1.N32	nice	221	2273
SYNCH	2026-10-09T02:36:19.477051Z	nice.1.N32	nice	241	2273
SYNCH	2026-10-09T02:36:27.379949Z	nice.1.N32	nice	261	2273
SYNCH	2026-10-09T02:36:34.645822Z	nice.1.N32	nice	281	2275
SYNCH	2026-10-09T02:36:42.020223Z	nice.1.N32	nice	301	2275
SYNCH	2026-10-09T02:36:49.164081Z	nice.1.N32	nice	321	2275
SYNCH	2026-10-09T02:36:56.252418Z	nice.1.N32	nice	341	2275
SYNCH	2026-10-09T02:37:03.309446Z	nice.1.N32	nice	361	2275
SYNCH	2026-10-09T02:37:10.382662Z	nice.1.N32	nice	381	2275
SYNCH	2026-10-09T02:37:17.546047Z	nice.1.N32	nice	401	2275
SYNCH	2026-10-09T02:37:25.190704Z	nice.1.N32	nice	421	2275
SYNCH	2026-10-09T02:37:32.367262Z	nice.1.N32	nice	441	2275
SYNCH	2026-10-09T02:37:39.863960Z	nice.1.N32	nice	461	2275
SYNCH	2026-10-09T02:37:47.300121Z	nice.1.N32	nice	481	2275
SYNC	nice.1.N32	nice	181	481	108.3	16	0	2275
SYNCH	2026-10-09T02:37:47.300121Z	nice.1.quiet32	nice	481	2275
SYNCH	2026-10-09T02:37:54.291251Z	nice.1.quiet32	nice	501	2275
SYNCH	2026-10-09T02:38:01.112937Z	nice.1.quiet32	nice	521	2275
SYNCH	2026-10-09T02:38:07.932088Z	nice.1.quiet32	nice	541	2275
SYNCH	2026-10-09T02:38:14.764517Z	nice.1.quiet32	nice	561	2275
SYNCH	2026-10-09T02:38:21.604327Z	nice.1.quiet32	nice	581	2275
SYNCH	2026-10-09T02:38:28.443018Z	nice.1.quiet32	nice	601	2275
SYNCH	2026-10-09T02:38:35.299177Z	nice.1.quiet32	nice	621	2275
SYNC	nice.1.quiet32	nice	481	621	48.0	8	0	2275
SYNCH	2026-10-09T02:38:35.299177Z	nice.1.N64	nice	621	2275
SYNCH	2026-10-09T02:38:42.321980Z	nice.1.N64	nice	641	2275
SYNCH	2026-10-09T02:38:51.090954Z	nice.1.N64	nice	661	2276
SYNCH	2026-10-09T02:38:58.342481Z	nice.1.N64	nice	681	2276
SYNCH	2026-10-09T02:39:05.860693Z	nice.1.N64	nice	701	2276
SYNCH	2026-10-09T02:39:13.683160Z	nice.1.N64	nice	721	2276
SYNCH	2026-10-09T02:39:21.319139Z	nice.1.N64	nice	741	2276
SYNCH	2026-10-09T02:39:29.506834Z	nice.1.N64	nice	761	2276
SYNCH	2026-10-09T02:39:37.385688Z	nice.1.N64	nice	781	2276
SYNC	nice.1.N64	nice	621	781	62.1	9	0	2276
SYNCH	2026-10-09T02:39:44.733434Z	nice.1.quiet64	nice	801	2276
SYNCH	2026-10-09T02:39:51.718301Z	nice.1.quiet64	nice	821	2276
SYNCH	2026-10-09T02:40:00.145762Z	nice.1.quiet64	nice	841	2277
SYNCH	2026-10-09T02:40:07.126024Z	nice.1.quiet64	nice	861	2277
SYNCH	2026-10-09T02:40:14.083263Z	nice.1.quiet64	nice	881	2277
SYNCH	2026-10-09T02:40:21.028422Z	nice.1.quiet64	nice	901	2277
SYNCH	2026-10-09T02:40:28.014204Z	nice.1.quiet64	nice	921	2277
SYNC	nice.1.quiet64	nice	801	921	43.3	7	0	2277
SYNCH	2026-10-09T02:40:28.014204Z	nice.1.N8	nice	921	2277
SYNCH	2026-10-09T02:40:35.121687Z	nice.1.N8	nice	941	2277
SYNCH	2026-10-09T02:40:42.445015Z	nice.1.N8	nice	961	2277
SYNCH	2026-10-09T02:40:49.793936Z	nice.1.N8	nice	981	2277
SYNCH	2026-10-09T02:40:57.218011Z	nice.1.N8	nice	1001	2277
SYNCH	2026-10-09T02:41:04.687606Z	nice.1.N8	nice	1021	2277
SYNCH	2026-10-09T02:41:12.105886Z	nice.1.N8	nice	1041	2277
SYNCH	2026-10-09T02:41:19.462871Z	nice.1.N8	nice	1061	2277
SYNCH	2026-10-09T02:41:27.468761Z	nice.1.N8	nice	1081	2277
SYNCH	2026-10-09T02:41:35.027647Z	nice.1.N8	nice	1101	2277
SYNCH	2026-10-09T02:41:42.409980Z	nice.1.N8	nice	1121	2277
SYNCH	2026-10-09T02:41:49.747205Z	nice.1.N8	nice	1141	2277
SYNC	nice.1.N8	nice	921	1141	81.7	12	0	2277
SYNCH	2026-10-09T02:41:57.152032Z	nice.1.quiet8	nice	1161	2277
SYNCH	2026-10-09T02:42:08.527167Z	nice.1.quiet8	nice	1181	2277
SYNCH	2026-10-09T02:42:16.009105Z	nice.1.quiet8	nice	1201	2277
SYNCH	2026-10-09T02:42:23.017161Z	nice.1.quiet8	nice	1221	2278
SYNCH	2026-10-09T02:42:30.029441Z	nice.1.quiet8	nice	1241	2278
SYNCH	2026-10-09T02:42:37.036668Z	nice.1.quiet8	nice	1261	2278
SYNC	nice.1.quiet8	nice	1161	1261	39.9	6	0	2278
SYNCH	2026-10-09T02:42:37.036668Z	nice.1.N16	nice	1261	2278
SYNCH	2026-10-09T02:42:44.212960Z	nice.1.N16	nice	1281	2278
SYNCH	2026-10-09T02:42:51.652443Z	nice.1.N16	nice	1301	2278
SYNCH	2026-10-09T02:42:59.141839Z	nice.1.N16	nice	1321	2278
SYNCH	2026-10-09T02:43:06.505416Z	nice.1.N16	nice	1341	2278
SYNCH	2026-10-09T02:43:14.171789Z	nice.1.N16	nice	1361	2278
SYNCH	2026-10-09T02:43:22.089761Z	nice.1.N16	nice	1381	2278
SYNCH	2026-10-09T02:43:30.078641Z	nice.1.N16	nice	1401	2279
SYNC	nice.1.N16	nice	1261	1401	53.0	8	0	2279
SYNCH	2026-10-09T02:43:30.078641Z	nice.1.quiet16	nice	1401	2279
SYNCH	2026-10-09T02:43:54.597064Z	nice.1.quiet16	nice	1421	2279
SYNCH	2026-10-09T02:44:01.641025Z	nice.1.quiet16	nice	1441	2279
SYNCH	2026-10-09T02:44:10.135061Z	nice.1.quiet16	nice	1461	2279
SYNCH	2026-10-09T02:44:17.209325Z	nice.1.quiet16	nice	1481	2279
SYNC	nice.1.quiet16	nice	1401	1481	47.1	5	0	2279
SYNCH	2026-10-09T02:47:28.512834Z	sync.2.quiet	sync	61	2280
SYNCH	2026-10-09T02:47:35.578584Z	sync.2.quiet	sync	81	2280
SYNCH	2026-10-09T02:47:42.254067Z	sync.2.quiet	sync	101	2280
SYNCH	2026-10-09T02:47:48.900593Z	sync.2.quiet	sync	121	2280
SYNCH	2026-10-09T02:47:55.570817Z	sync.2.quiet	sync	141	2280
SYNCH	2026-10-09T02:48:02.288033Z	sync.2.quiet	sync	161	2280
SYNCH	2026-10-09T02:48:08.978893Z	sync.2.quiet	sync	181	2280
SYNC	sync.2.quiet	sync	61	181	40.5	7	0	2280
SYNCH	2026-10-09T02:48:08.978893Z	sync.2.N16	sync	181	2280
SYNCH	2026-10-09T02:48:16.101494Z	sync.2.N16	sync	201	2280
SYNCH	2026-10-09T02:48:38.557998Z	sync.2.N16	sync	221	2281
SYNCH	2026-10-09T02:49:01.029381Z	sync.2.N16	sync	241	2281
SYNC	sync.2.N16	sync	181	241	52.1	4	0	2281
SYNCH	2026-10-09T02:49:01.029381Z	sync.2.quiet16	sync	241	2281
SYNCH	2026-10-09T02:49:12.318235Z	sync.2.quiet16	sync	261	2281
SYNCH	2026-10-09T02:49:19.042700Z	sync.2.quiet16	sync	281	2281
SYNCH	2026-10-09T02:49:38.091905Z	sync.2.quiet16	sync	301	2281
SYNCH	2026-10-09T02:49:44.831501Z	sync.2.quiet16	sync	321	2281
SYNCH	2026-10-09T02:49:51.587266Z	sync.2.quiet16	sync	341	2281
SYNC	sync.2.quiet16	sync	241	341	50.6	6	0	2281
SYNCH	2026-10-09T02:49:51.587266Z	sync.2.N8	sync	341	2281
SYNCH	2026-10-09T02:50:07.167100Z	sync.2.N8	sync	361	2281
SYNCH	2026-10-09T02:50:25.378936Z	sync.2.N8	sync	381	2281
SYNCH	2026-10-09T02:50:43.256810Z	sync.2.N8	sync	401	2281
SYNC	sync.2.N8	sync	341	401	51.7	4	0	2281
SYNCH	2026-10-09T02:50:43.256810Z	sync.2.quiet8	sync	401	2281
SYNCH	2026-10-09T02:50:54.238753Z	sync.2.quiet8	sync	421	2281
SYNCH	2026-10-09T02:51:01.030386Z	sync.2.quiet8	sync	441	2281
SYNCH	2026-10-09T02:51:07.819434Z	sync.2.quiet8	sync	461	2281
SYNCH	2026-10-09T02:51:14.617145Z	sync.2.quiet8	sync	481	2281
SYNCH	2026-10-09T02:51:21.421285Z	sync.2.quiet8	sync	501	2281
SYNCH	2026-10-09T02:51:28.234209Z	sync.2.quiet8	sync	521	2281
SYNC	sync.2.quiet8	sync	401	521	45.0	7	0	2281
SYNCH	2026-10-09T02:51:28.234209Z	sync.2.N64	sync	521	2281
SYNCH	2026-10-09T02:51:35.514357Z	sync.2.N64	sync	541	2281
SYNCH	2026-10-09T02:51:56.028131Z	sync.2.N64	sync	561	2281
SYNCH	2026-10-09T02:52:21.300569Z	sync.2.N64	sync	581	2281
SYNC	sync.2.N64	sync	521	581	53.1	4	0	2281
SYNCH	2026-10-09T02:52:21.300569Z	sync.2.quiet64	sync	581	2281
SYNCH	2026-10-09T02:52:31.965502Z	sync.2.quiet64	sync	601	2281
SYNCH	2026-10-09T02:52:38.810743Z	sync.2.quiet64	sync	621	2281
SYNCH	2026-10-09T02:52:45.698503Z	sync.2.quiet64	sync	641	2281
SYNCH	2026-10-09T02:52:52.568299Z	sync.2.quiet64	sync	661	2281
SYNCH	2026-10-09T02:52:59.439277Z	sync.2.quiet64	sync	681	2281
SYNC	sync.2.quiet64	sync	581	681	38.1	6	0	2281
SYNCH	2026-10-09T02:52:59.439277Z	sync.2.N32	sync	681	2281
SYNCH	2026-10-09T02:53:34.736854Z	sync.2.N32	sync	701	2281
SYNCH	2026-10-09T02:54:01.082030Z	sync.2.N32	sync	721	2281
SYNC	sync.2.N32	sync	681	721	61.6	3	0	2281
SYNCH	2026-10-09T02:54:01.082030Z	sync.2.quiet32	sync	721	2281
SYNCH	2026-10-09T02:54:22.353797Z	sync.2.quiet32	sync	741	2281
SYNCH	2026-10-09T02:54:36.569219Z	sync.2.quiet32	sync	761	2281
SYNCH	2026-10-09T02:54:43.479028Z	sync.2.quiet32	sync	781	2281
SYNC	sync.2.quiet32	sync	721	781	42.4	4	0	2281
SYNCH	2026-10-09T02:55:26.191781Z	nice.2.quiet	nice	61	2282
SYNCH	2026-10-09T02:55:32.907660Z	nice.2.quiet	nice	81	2282
SYNCH	2026-10-09T02:55:39.919702Z	nice.2.quiet	nice	101	2282
SYNCH	2026-10-09T02:55:46.597985Z	nice.2.quiet	nice	121	2282
SYNCH	2026-10-09T02:55:53.278097Z	nice.2.quiet	nice	141	2282
SYNCH	2026-10-09T02:55:59.950483Z	nice.2.quiet	nice	161	2282
SYNCH	2026-10-09T02:56:06.655913Z	nice.2.quiet	nice	181	2282
SYNC	nice.2.quiet	nice	61	181	40.5	7	0	2282
SYNCH	2026-10-09T02:56:06.655913Z	nice.2.N16	nice	181	2282
SYNCH	2026-10-09T02:56:13.483271Z	nice.2.N16	nice	201	2282
SYNCH	2026-10-09T02:56:20.492516Z	nice.2.N16	nice	221	2282
SYNCH	2026-10-09T02:56:27.636148Z	nice.2.N16	nice	241	2282
SYNCH	2026-10-09T02:56:34.722971Z	nice.2.N16	nice	261	2282
SYNCH	2026-10-09T02:56:41.748371Z	nice.2.N16	nice	281	2282
SYNCH	2026-10-09T02:56:48.817126Z	nice.2.N16	nice	301	2282
SYNCH	2026-10-09T02:56:56.020197Z	nice.2.N16	nice	321	2282
SYNCH	2026-10-09T02:57:03.181814Z	nice.2.N16	nice	341	2282
SYNCH	2026-10-09T02:57:10.381364Z	nice.2.N16	nice	361	2282
SYNCH	2026-10-09T02:57:17.519892Z	nice.2.N16	nice	381	2282
SYNCH	2026-10-09T02:57:25.141307Z	nice.2.N16	nice	401	2282
SYNCH	2026-10-09T02:57:32.266565Z	nice.2.N16	nice	421	2282
SYNCH	2026-10-09T02:57:39.842024Z	nice.2.N16	nice	441	2282
SYNCH	2026-10-09T02:57:46.951660Z	nice.2.N16	nice	461	2282
SYNCH	2026-10-09T02:57:54.112220Z	nice.2.N16	nice	481	2282
SYNC	nice.2.N16	nice	181	481	107.5	16	0	2282
SYNCH	2026-10-09T02:58:01.295822Z	nice.2.quiet16	nice	501	2282
SYNCH	2026-10-09T02:58:13.853670Z	nice.2.quiet16	nice	521	2282
SYNCH	2026-10-09T02:58:20.689012Z	nice.2.quiet16	nice	541	2282
SYNCH	2026-10-09T02:58:27.527610Z	nice.2.quiet16	nice	561	2282
SYNCH	2026-10-09T02:58:43.565424Z	nice.2.quiet16	nice	581	2282
SYNC	nice.2.quiet16	nice	501	581	42.3	5	0	2282
SYNCH	2026-10-09T02:58:43.565424Z	nice.2.N8	nice	581	2282
SYNCH	2026-10-09T02:58:52.610302Z	nice.2.N8	nice	601	2282
SYNCH	2026-10-09T02:58:59.786264Z	nice.2.N8	nice	621	2282
SYNCH	2026-10-09T02:59:07.075781Z	nice.2.N8	nice	641	2282
SYNCH	2026-10-09T02:59:14.381415Z	nice.2.N8	nice	661	2282
SYNCH	2026-10-09T02:59:21.702342Z	nice.2.N8	nice	681	2282
SYNCH	2026-10-09T02:59:29.019888Z	nice.2.N8	nice	701	2282
SYNCH	2026-10-09T02:59:36.349402Z	nice.2.N8	nice	721	2282
SYNCH	2026-10-09T02:59:44.059167Z	nice.2.N8	nice	741	2282
SYNCH	2026-10-09T02:59:51.420986Z	nice.2.N8	nice	761	2282
SYNCH	2026-10-09T02:59:58.840683Z	nice.2.N8	nice	781	2282
SYNCH	2026-10-09T03:00:06.216978Z	nice.2.N8	nice	801	2282
SYNCH	2026-10-09T03:00:13.531441Z	nice.2.N8	nice	821	2282
SYNCH	2026-10-09T03:00:20.980166Z	nice.2.N8	nice	841	2282
SYNC	nice.2.N8	nice	581	841	97.4	14	0	2282
SYNCH	2026-10-09T03:00:20.980166Z	nice.2.quiet8	nice	841	2282
SYNCH	2026-10-09T03:00:28.297154Z	nice.2.quiet8	nice	861	2282
SYNCH	2026-10-09T03:00:37.587642Z	nice.2.quiet8	nice	881	2282
SYNCH	2026-10-09T03:00:44.520205Z	nice.2.quiet8	nice	901	2282
SYNCH	2026-10-09T03:01:06.574374Z	nice.2.quiet8	nice	921	2282
SYNC	nice.2.quiet8	nice	841	921	45.6	5	0	2282
SYNCH	2026-10-09T03:01:13.513129Z	nice.2.N64	nice	941	2282
SYNCH	2026-10-09T03:01:20.771480Z	nice.2.N64	nice	961	2282
SYNCH	2026-10-09T03:01:27.990283Z	nice.2.N64	nice	981	2282
SYNCH	2026-10-09T03:01:35.407072Z	nice.2.N64	nice	1001	2282
SYNCH	2026-10-09T03:01:43.573858Z	nice.2.N64	nice	1021	2282
SYNCH	2026-10-09T03:01:51.821407Z	nice.2.N64	nice	1041	2282
SYNCH	2026-10-09T03:01:59.535139Z	nice.2.N64	nice	1061	2283
SYNCH	2026-10-09T03:02:07.120997Z	nice.2.N64	nice	1081	2283
SYNCH	2026-10-09T03:02:14.967665Z	nice.2.N64	nice	1101	2283
SYNCH	2026-10-09T03:02:22.651627Z	nice.2.N64	nice	1121	2284
SYNCH	2026-10-09T03:02:30.011631Z	nice.2.N64	nice	1141	2285
SYNC	nice.2.N64	nice	941	1141	76.5	11	0	2285
SYNCH	2026-10-09T03:02:37.120606Z	nice.2.quiet64	nice	1161	2285
SYNCH	2026-10-09T03:02:55.792584Z	nice.2.quiet64	nice	1181	2285
SYNCH	2026-10-09T03:03:02.772750Z	nice.2.quiet64	nice	1201	2285
SYNCH	2026-10-09T03:03:10.717524Z	nice.2.quiet64	nice	1221	2285
SYNC	nice.2.quiet64	nice	1161	1221	33.6	4	0	2285
SYNCH	2026-10-09T03:03:10.717524Z	nice.2.N32	nice	1221	2285
SYNCH	2026-10-09T03:03:25.957649Z	nice.2.N32	nice	1241	2285
SYNCH	2026-10-09T03:03:33.351690Z	nice.2.N32	nice	1261	2285
SYNCH	2026-10-09T03:03:41.317969Z	nice.2.N32	nice	1281	2285
SYNCH	2026-10-09T03:03:48.860671Z	nice.2.N32	nice	1301	2285
SYNCH	2026-10-09T03:03:56.530217Z	nice.2.N32	nice	1321	2285
SYNCH	2026-10-09T03:04:04.006454Z	nice.2.N32	nice	1341	2285
SYNCH	2026-10-09T03:04:11.387943Z	nice.2.N32	nice	1361	2285
SYNCH	2026-10-09T03:04:18.763676Z	nice.2.N32	nice	1381	2285
SYNCH	2026-10-09T03:04:26.127154Z	nice.2.N32	nice	1401	2285
SYNCH	2026-10-09T03:04:33.898072Z	nice.2.N32	nice	1421	2285
SYNC	nice.2.N32	nice	1221	1421	83.2	11	0	2285
SYNCH	2026-10-09T03:04:41.295270Z	nice.2.quiet32	nice	1441	2285
SYNCH	2026-10-09T03:04:48.414016Z	nice.2.quiet32	nice	1461	2285
SYNCH	2026-10-09T03:04:55.493419Z	nice.2.quiet32	nice	1481	2285
SYNCH	2026-10-09T03:05:02.531225Z	nice.2.quiet32	nice	1501	2285
SYNC	nice.2.quiet32	nice	1441	1501	21.2	4	0	2285
SYNCH	2026-10-09T03:08:39.602040Z	sync.3.quiet	sync	61	2285
SYNCH	2026-10-09T03:08:46.329894Z	sync.3.quiet	sync	81	2285
SYNCH	2026-10-09T03:08:53.037394Z	sync.3.quiet	sync	101	2285
SYNCH	2026-10-09T03:08:59.719811Z	sync.3.quiet	sync	121	2285
SYNCH	2026-10-09T03:09:06.386035Z	sync.3.quiet	sync	141	2285
SYNCH	2026-10-09T03:09:13.058215Z	sync.3.quiet	sync	161	2285
SYNCH	2026-10-09T03:09:19.750581Z	sync.3.quiet	sync	181	2285
SYNC	sync.3.quiet	sync	61	181	40.1	7	0	2285
SYNCH	2026-10-09T03:09:26.464602Z	sync.3.N64	sync	201	2285
SYNCH	2026-10-09T03:09:46.001898Z	sync.3.N64	sync	221	2285
SYNCH	2026-10-09T03:10:09.578269Z	sync.3.N64	sync	241	2285
SYNC	sync.3.N64	sync	201	241	43.1	3	0	2285
SYNCH	2026-10-09T03:10:09.578269Z	sync.3.quiet64	sync	241	2285
SYNCH	2026-10-09T03:10:23.584188Z	sync.3.quiet64	sync	261	2285
SYNCH	2026-10-09T03:10:44.053123Z	sync.3.quiet64	sync	281	2285
SYNCH	2026-10-09T03:10:50.795896Z	sync.3.quiet64	sync	301	2285
SYNCH	2026-10-09T03:10:57.532467Z	sync.3.quiet64	sync	321	2285
SYNCH	2026-10-09T03:11:04.287113Z	sync.3.quiet64	sync	341	2285
SYNC	sync.3.quiet64	sync	241	341	54.7	6	0	2285
SYNCH	2026-10-09T03:11:04.287113Z	sync.3.N16	sync	341	2285
SYNCH	2026-10-09T03:11:18.596274Z	sync.3.N16	sync	361	2285
SYNCH	2026-10-09T03:11:42.978850Z	sync.3.N16	sync	381	2285
SYNC	sync.3.N16	sync	341	381	38.7	3	0	2285
SYNCH	2026-10-09T03:11:42.978850Z	sync.3.quiet16	sync	381	2285
SYNCH	2026-10-09T03:12:01.370272Z	sync.3.quiet16	sync	401	2286
SYNCH	2026-10-09T03:12:08.146002Z	sync.3.quiet16	sync	421	2286
SYNCH	2026-10-09T03:12:14.912562Z	sync.3.quiet16	sync	441	2286
SYNCH	2026-10-09T03:12:21.718520Z	sync.3.quiet16	sync	461	2286
SYNCH	2026-10-09T03:12:28.510650Z	sync.3.quiet16	sync	481	2286
SYNCH	2026-10-09T03:12:35.323642Z	sync.3.quiet16	sync	501	2286
SYNCH	2026-10-09T03:12:42.117906Z	sync.3.quiet16	sync	521	2286
SYNC	sync.3.quiet16	sync	381	521	59.1	8	0	2286
SYNCH	2026-10-09T03:12:42.117906Z	sync.3.N32	sync	521	2286
SYNCH	2026-10-09T03:12:56.125619Z	sync.3.N32	sync	541	2286
SYNCH	2026-10-09T03:13:18.622261Z	sync.3.N32	sync	561	2286
SYNC	sync.3.N32	sync	521	561	36.5	3	0	2286
SYNCH	2026-10-09T03:13:18.622261Z	sync.3.quiet32	sync	561	2286
SYNCH	2026-10-09T03:13:40.488443Z	sync.3.quiet32	sync	581	2286
SYNCH	2026-10-09T03:14:14.372145Z	sync.3.quiet32	sync	601	2287
SYNCH	2026-10-09T03:14:23.722852Z	sync.3.quiet32	sync	621	2287
SYNC	sync.3.quiet32	sync	561	621	65.1	4	0	2287
SYNCH	2026-10-09T03:14:23.722852Z	sync.3.N8	sync	621	2287
SYNCH	2026-10-09T03:14:38.111782Z	sync.3.N8	sync	641	2287
SYNCH	2026-10-09T03:15:03.104475Z	sync.3.N8	sync	661	2287
SYNC	sync.3.N8	sync	621	661	39.4	3	0	2287
SYNCH	2026-10-09T03:15:03.104475Z	sync.3.quiet8	sync	661	2287
SYNCH	2026-10-09T03:15:21.597642Z	sync.3.quiet8	sync	681	2287
SYNCH	2026-10-09T03:15:28.474717Z	sync.3.quiet8	sync	701	2288
SYNCH	2026-10-09T03:15:35.356215Z	sync.3.quiet8	sync	721	2288
SYNCH	2026-10-09T03:15:42.208757Z	sync.3.quiet8	sync	741	2288
SYNCH	2026-10-09T03:15:49.186279Z	sync.3.quiet8	sync	761	2288
SYNCH	2026-10-09T03:15:56.295741Z	sync.3.quiet8	sync	781	2288
SYNCH	2026-10-09T03:16:03.223195Z	sync.3.quiet8	sync	801	2288
SYNC	sync.3.quiet8	sync	661	801	60.1	8	0	2288
SYNCH	2026-10-09T03:16:42.578168Z	nice.3.quiet	nice	61	2288
SYNCH	2026-10-09T03:16:49.300410Z	nice.3.quiet	nice	81	2289
SYNCH	2026-10-09T03:16:55.951371Z	nice.3.quiet	nice	101	2289
SYNCH	2026-10-09T03:17:02.641190Z	nice.3.quiet	nice	121	2289
SYNCH	2026-10-09T03:17:09.314723Z	nice.3.quiet	nice	141	2289
SYNCH	2026-10-09T03:17:16.591962Z	nice.3.quiet	nice	161	2289
SYNCH	2026-10-09T03:17:23.275257Z	nice.3.quiet	nice	181	2290
SYNC	nice.3.quiet	nice	61	181	40.7	7	0	2290
SYNCH	2026-10-09T03:17:23.275257Z	nice.3.N64	nice	181	2290
SYNCH	2026-10-09T03:17:30.040699Z	nice.3.N64	nice	201	2290
SYNCH	2026-10-09T03:17:36.966123Z	nice.3.N64	nice	221	2290
SYNCH	2026-10-09T03:17:44.050397Z	nice.3.N64	nice	241	2290
SYNCH	2026-10-09T03:17:51.657426Z	nice.3.N64	nice	261	2290
SYNCH	2026-10-09T03:17:59.665451Z	nice.3.N64	nice	281	2290
SYNCH	2026-10-09T03:18:09.436134Z	nice.3.N64	nice	301	2290
SYNC	nice.3.N64	nice	181	301	46.2	7	0	2290
SYNCH	2026-10-09T03:18:09.436134Z	nice.3.quiet64	nice	301	2290
SYNCH	2026-10-09T03:18:20.949925Z	nice.3.quiet64	nice	321	2290
SYNCH	2026-10-09T03:18:32.671640Z	nice.3.quiet64	nice	341	2291
SYNCH	2026-10-09T03:18:39.403225Z	nice.3.quiet64	nice	361	2291
SYNCH	2026-10-09T03:18:51.114065Z	nice.3.quiet64	nice	381	2291
SYNCH	2026-10-09T03:18:57.889912Z	nice.3.quiet64	nice	401	2291
SYNC	nice.3.quiet64	nice	301	401	48.5	6	0	2291
SYNCH	2026-10-09T03:18:57.889912Z	nice.3.N16	nice	401	2291
SYNCH	2026-10-09T03:19:04.836679Z	nice.3.N16	nice	421	2291
SYNCH	2026-10-09T03:19:11.926068Z	nice.3.N16	nice	441	2291
SYNCH	2026-10-09T03:19:19.183328Z	nice.3.N16	nice	461	2291
SYNCH	2026-10-09T03:19:26.532679Z	nice.3.N16	nice	481	2291
SYNCH	2026-10-09T03:19:33.954684Z	nice.3.N16	nice	501	2291
SYNCH	2026-10-09T03:19:41.313377Z	nice.3.N16	nice	521	2291
SYNCH	2026-10-09T03:19:48.563493Z	nice.3.N16	nice	541	2291
SYNCH	2026-10-09T03:19:56.416180Z	nice.3.N16	nice	561	2291
SYNCH	2026-10-09T03:20:03.717223Z	nice.3.N16	nice	581	2291
SYNCH	2026-10-09T03:20:11.484232Z	nice.3.N16	nice	601	2291
SYNCH	2026-10-09T03:20:18.670409Z	nice.3.N16	nice	621	2292
SYNCH	2026-10-09T03:20:25.893221Z	nice.3.N16	nice	641	2292
SYNC	nice.3.N16	nice	401	641	88.0	13	0	2292
SYNCH	2026-10-09T03:20:33.352808Z	nice.3.quiet16	nice	661	2292
SYNCH	2026-10-09T03:20:40.295370Z	nice.3.quiet16	nice	681	2292
SYNCH	2026-10-09T03:20:47.195236Z	nice.3.quiet16	nice	701	2292
SYNCH	2026-10-09T03:20:54.083611Z	nice.3.quiet16	nice	721	2292
SYNCH	2026-10-09T03:21:00.964176Z	nice.3.quiet16	nice	741	2292
SYNCH	2026-10-09T03:21:07.884230Z	nice.3.quiet16	nice	761	2292
SYNCH	2026-10-09T03:21:14.785481Z	nice.3.quiet16	nice	781	2292
SYNC	nice.3.quiet16	nice	661	781	41.4	7	0	2292
SYNCH	2026-10-09T03:21:14.785481Z	nice.3.N32	nice	781	2292
SYNCH	2026-10-09T03:21:23.467846Z	nice.3.N32	nice	801	2293
SYNCH	2026-10-09T03:21:30.730825Z	nice.3.N32	nice	821	2293
SYNCH	2026-10-09T03:21:38.169684Z	nice.3.N32	nice	841	2293
SYNCH	2026-10-09T03:21:45.635280Z	nice.3.N32	nice	861	2293
SYNCH	2026-10-09T03:21:53.290175Z	nice.3.N32	nice	881	2293
SYNCH	2026-10-09T03:22:01.154801Z	nice.3.N32	nice	901	2293
SYNCH	2026-10-09T03:22:08.477560Z	nice.3.N32	nice	921	2293
SYNCH	2026-10-09T03:22:15.978697Z	nice.3.N32	nice	941	2293
SYNCH	2026-10-09T03:22:25.034830Z	nice.3.N32	nice	961	2294
SYNC	nice.3.N32	nice	781	961	70.2	10	0	2294
SYNCH	2026-10-09T03:22:32.342910Z	nice.3.quiet32	nice	981	2294
SYNCH	2026-10-09T03:22:39.374368Z	nice.3.quiet32	nice	1001	2294
SYNCH	2026-10-09T03:22:46.365746Z	nice.3.quiet32	nice	1021	2294
SYNCH	2026-10-09T03:22:53.340866Z	nice.3.quiet32	nice	1041	2294
SYNCH	2026-10-09T03:23:00.333081Z	nice.3.quiet32	nice	1061	2294
SYNCH	2026-10-09T03:23:07.294005Z	nice.3.quiet32	nice	1081	2294
SYNCH	2026-10-09T03:23:14.260950Z	nice.3.quiet32	nice	1101	2294
SYNC	nice.3.quiet32	nice	981	1101	41.9	7	0	2294
SYNCH	2026-10-09T03:23:14.260950Z	nice.3.N8	nice	1101	2294
SYNCH	2026-10-09T03:23:21.387594Z	nice.3.N8	nice	1121	2294
SYNCH	2026-10-09T03:23:28.741178Z	nice.3.N8	nice	1141	2294
SYNCH	2026-10-09T03:23:36.203661Z	nice.3.N8	nice	1161	2294
SYNCH	2026-10-09T03:23:43.655043Z	nice.3.N8	nice	1181	2294
SYNC	nice.3.N8	nice	1101	1181	29.4	5	0	2294
SYNCH	2026-10-09T03:23:43.655043Z	nice.3.quiet8	nice	1181	2294
SYNCH	2026-10-09T03:24:03.843275Z	nice.3.quiet8	nice	1201	2294
SYNCH	2026-10-09T03:24:10.861637Z	nice.3.quiet8	nice	1221	2294
SYNCH	2026-10-09T03:24:17.822285Z	nice.3.quiet8	nice	1241	2294
SYNCH	2026-10-09T03:24:24.830759Z	nice.3.quiet8	nice	1261	2294
SYNCH	2026-10-09T03:24:32.316033Z	nice.3.quiet8	nice	1281	2294
SYNC	nice.3.quiet8	nice	1181	1281	48.7	6	0	2294
