sample	pub_gap_ns	dial_ns	boot_s
1	TIMEOUT		23
2	342361300	937226594	4
3	1823134295	4270946271	3
4	335979524	906940042	4
5	686128429	3631746267	4
6	732998614	613098032	3
7	400939189	466915200	4
8	265478044	743764116	4
9	382185266	1139977023	3
10	441103468	4746240019	3
11	364123491	358334860	3
12	388567912	1309808094	4
13	412872409	4955359836	3
14	530474313	650997189	3
15	550499157	740351794	3
16	708940838	712245754	3
17	372332834	4332325798	3
18	410414060	4948989301	3
19	332134158	1670534369	4
20	414652565	1096444640	4
21	359771885	1012939347	4
22	617578834	468583062	4
23	305134262	308441622	3
24	447769108	4773428470	3
25	383345701	1122673595	4
26	349793232	420504472	4
27	351783207	389257293	4
28	445433431	454600235	4
29	512991607	489594143	3
30	685333971	1937383474	4
31	509878858	1278533622	4
32	340236021	4780080985	3
33	333244988	425287624	3
34	494140814	3016096947	4
35	473919471	1528067874	4
36	319323050	310981354	4
37	410141357	416133449	3
38	562199526	527981356	4
39	442485607	3887667703	3
40	274506024	3470685664	3
41	337585641	1122327559	4
42	347572683	4375168020	3
43	485494860	487278632	3
44	369807335	1225937991	4
45	315117952	4845685464	3
46	1031260383	4637824396	3
47	393869482	1141229240	3
48	461902749	4982356090	3
49	344351064	4668548874	3
50	290410438	803310582	4
51	406051981	438450860	4
52	398957577	3030551846	4
53	463553948	434006208	4
54	720281640	3827887039	3
55	395493607	1165921828	4
56	371908829	4974800687	4
57	426564656	510718892	3
58	414701028	1222672354	4
59	528983093	1132787007	4
60	466102995	1144442100	4
61	625652808	580531246	4
62	379832619	4655979080	3
63	419989715	1232231305	3
64	461994545	512245183	4
65	442875531	4823574718	3
66	434463354	4996450378	3
67	348425162	1862077396	4
DONE
