sample	dial_ns	proxy_connect_ns	gap_ns	unused	client_bootstrap_s
1	716241818	449758	744343619		4
2	3958669810	280388	697274619		4
3	1236157532	240073	639729115		4
4	2573919041	451054	540017984		4
5	2961570376	282018	655381769		4
6	1065262089	471998	597771006		4
7	2663565185	438628	534524483		4
8	2705940681	448831	908164825		4
9	3481850441	474314	671257071		4
10	2594738920	461017	758317056		4
11	2071581531	242295	572046272		4
12	619980862	508535	679945433		4
13	745909262	435684	640099965		5
14	1837534783	445906	681208873		4
15	1966824020	470036	657630593		4
16	1503921854	518758	549090553		4
17	788286696	465388	608758427		3
18	2293477027	462239	527895080		4
19	1708212992	415684	1073484958		4
20	608803038	426388	529911223		4
21	2101164556	278740	1259894614		4
22	2550956763	279684	519425236		4
23	2209200043	288499	519075552		4
24	2158551826	467091	511718259		4
25	1970615656	423480	506320960		4
26	2141692618	417240	837926989		4
27	692936597	433054	466023842		4
28	602901222	466776	740542193		4
29	1426552182	494999	591693535		4
30	1647594954	414351	585198757		4
31	623749085	493665	583189912		4
32	707025368	387776	516238745		4
33	1691513339	346369	469182963		4
34	1984222745	285795	544914584		4
35	542107981	436647	625779783		4
36	1688374349	442388	486082078		5
37	1932574476	276295	529964055		4
38	616176608	425147	689838754		4
39	460322452	404498	469614573		4
40	1439393235	401128	581472306		4
41	2150576517	439943	571197264		4
42	750869569	249685	666573140		4
43	708818289	290925	701374257		4
44	815644853	438295	890156127		4
45	4234121071	462794	825285546		4
46	2418702775	375554	506895107		4
47	646318646	449573	515481433		4
48	3800920407	413369	888746391		4
49	2017259664	416555	494077183		5
50	2906337034	471535	749769572		4
51	2047948662	439035	611627289		4
52	1547480388	428999	489822122		4
53	554048112	446610	631270099		3
54	1469066238	434888	666826750		4
55	1694759107	447166	730070521		4
56	4388128696	467850	1011055223		4
57	695406201	475425	521418637		4
58	3393386405	427980	960633950		4
59	2934369301	446702	606780692		4
60	1567290364	503350	587789046		4
61	2474476903	440203	543026719		4
62	2504570218	472313	543678958		5
63	2378283492	483814	1045468006		4
64	3274222619	423480	750968883		4
65	4763058666	460831	678445845		5
66	578790240	464054	550152698		4
67	2126562368	279833	689923125		4
68	3819030204	432295	706670629		5
69	1859118126	471888	729146506		4
70	576890987	275722	511068539		4
71	1831846782	471462	673105380		4
72	1824514972	286962	601980707		4
73	541292113	239721	541402984		4
74	951001016	470943	655474266		4
75	1859142847	413424	782377510		4
76	1855925042	421572	625504746		4
77	568991530	440277	509991672		4
78	2611260913	252166	587296177		5
79	623004310	431184	581352251		3
80	4146361912	455091	626190040		4
81	1840564608	425221	602051725		4
82	2874562316	312777	1320524615		4
83	1783456411	498591	524625609		4
84	679756785	248369	735073173		4
85	1124982728	455758	488170923		4
86	2208838303	242870	693330596		4
87	1704506929	433072	634366164		5
88	2353190604	434646	721330177		4
89	2065056518	449239	633824685		4
90	599301474	478257	550240382		4
91	681510873	432388	547856742		4
92	1723365446	439925	539882914		4
93	4536836429	406110	776128177		4
94	4407934617	364332	741458468		4
95	3305354636	294962	722508766		4
96	555594663	416721	592944883		4
97	572587611	237685	620756613		4
98	2081594041	485128	741914282		4
99	626037671	478536	759500061		4
100	1834816366	439424	711198116		4
DONE
