sample	dialer_conn	connect_ns	init_handshake_ns	acceptor_conn	resp_queue_ns	resp_compute_ns	resp_handshake_ns	gap_ns
1	41	359093	3895879	36	65074	2214141	2848843	2116918
2	42	341165	4172272	37	78203	2365141	3317175	2012968
3	43	255588	3573781	38	54222	2073604	2648269	1621961
4	44	332559	2941914	39	47685	1482088	2094956	1579046
5	45	344112	3187995	40	56463	1813494	2459825	1600027
6	46	340081	3159093	41	37111	1638402	2261215	1466035
7	47	279191	3518739	42	62370	2074827	2612547	1739025
8	48	289480	3464403	43	60796	2037216	2566473	1765966
9	49	357090	3529902	44	77203	1847123	2667288	1575946
10	50	286014	3215346	45	50593	1681531	2191067	2228975
11	51	379612	3060204	46	38796	1625958	2312826	1682043
12	52	280417	3608286	47	43407	1859643	2686806	1733064
13	53	394569	3568114	48	45463	1883753	2584528	1890182
14	54	282347	3400321	49	50074	1870605	2406381	1863956
15	55	289939	3519374	50	45481	1852254	2625084	1707077
16	56	297812	3311731	51	51351	1885031	2457251	2028942
17	57	396750	3858300	52	55389	2176753	2983990	1895904
18	58	271551	2938704	53	40667	1471995	2039438	1543998
19	59	360628	3449178	54	62407	1866754	2626084	2031087
20	60	408977	3652653	55	51630	2004549	2838491	1991033
21	61	292867	3863432	56	52352	2221845	2825305	1920223
22	62	332578	3619869	57	50778	1946271	2665140	1801013
23	63	350951	2804835	58	54185	1472847	2014530	1421928
24	64	269981	3340060	59	43796	1875587	2427159	1766204
25	65	313186	3524131	60	51315	1951642	2536363	2063989
26	66	289156	3388870	61	38278	1649143	2146623	1769065
27	67	369225	3017541	62	46481	1646494	2217437	1489162
28	68	266865	3351371	63	43240	1877087	2451418	1930952
29	69	380017	3401980	64	41759	1635161	2561603	1691102
30	70	315550	3709647	65	118684	2183938	2785232	1540899
31	71	309665	3821480	66	53482	2075660	2823436	1724958
32	72	259342	3042808	67	52185	1680365	2152085	2007007
33	73	298750	3937976	68	48944	1985327	2870064	2207040
34	74	439722	4303570	69	95000	2165678	3066286	2144098
35	75	265607	3978207	70	56352	2165159	2764102	1570940
36	76	283758	3761960	71	46425	2101530	2666677	1761913
37	77	282622	3769847	72	53500	2170178	2823750	2264976
38	78	287907	3433049	73	53871	1915679	2394325	2063035
39	79	307070	4215375	74	43722	2180919	2646306	2035856
40	80	375449	3549826	75	43000	2295881	2740898	2033948
41	81	312427	3847494	76	83833	2170104	2916361	1933097
42	82	304573	3748299	77	68037	2176271	2824546	1849174
43	83	283060	3656248	78	57889	2180456	2732380	1945972
44	84	330471	3755872	79	53722	2122789	2564288	1674175
45	85	339881	3584836	80	77796	2169308	2718250	1893997
46	86	294455	3659682	81	46555	2197919	2842417	1871109
47	87	315635	3743336	82	45130	2226715	2704435	3026962
48	88	352412	3569503	83	43796	2136327	2590603	1568078
49	89	376977	3638699	84	64185	2159049	2681713	1574039
50	90	294854	3883090	85	50722	2177493	2879620	1863956
51	91	295520	3827792	86	43037	2192122	2819380	2063035
52	92	295950	3838903	87	54759	2182012	2729621	1739978
53	93	299228	3814504	88	48537	2182289	2769714	1837015
54	94	324759	3842559	89	39667	2162919	2830861	2049922
55	95	307158	6058358	90	63629	2167049	5064761	2600193
56	96	309207	7225675	91	53056	2207845	2884028	1122951
57	97	334733	4008380	92	64315	2174993	2727046	5312204
58	98	426748	6498384	93	57425	2159697	5541334	8318185
59	99	288468	3853150	94	59351	2183345	2856953	1817941
60	100	965903	4327493	95	65537	2268641	3843988	1528978
61	101	286080	3735018	96	89092	2133068	2648436	1552104
62	102	315314	3664250	97	56889	2162104	2671918	2824068
63	103	320162	3782484	98	51852	2181826	2809620	3746986
64	104	297920	3763842	99	48778	2179493	2739046	1662015
65	105	313471	3754529	100	45463	2181271	2728140	1858949
66	106	323615	3707546	101	44703	2178660	2677917	1655101
67	107	323269	3834262	102	45592	2176715	2743010	3931999
68	108	350505	3764594	103	50240	2282215	2733214	1694917
69	109	324840	3772001	104	47704	2203307	2771935	2244949
70	110	291503	3872170	105	39537	2263770	2867787	1646041
71	111	253887	3868023	106	47278	2180030	2863509	1785993
72	112	275668	3694543	107	46574	2189363	2762047	1681089
73	113	278969	3679099	108	51945	2174400	2648491	1554965
74	114	303402	3728346	109	40186	2176604	2763862	1737117
75	115	373581	3642184	110	47407	2153382	2694176	1806974
76	116	350707	3776946	111	47833	2194086	2781177	2062082
77	117	287213	4264757	112	52685	2201974	2846195	1945018
78	118	382318	4283135	113	51537	2188679	3353322	1885175
79	119	302591	3729652	114	64926	2179252	2761731	1908063
80	120	337131	3813512	115	52352	2120159	2909231	1888990
81	121	316509	3788609	116	72315	2117938	2759584	1801013
82	122	342822	3678644	117	46851	2168233	2588918	1616001
83	123	355601	3877732	118	85518	2271030	3105694	1878023
84	124	392720	3850942	119	51537	2193790	2953101	1909017
85	125	270985	3837600	120	61018	2310233	2954879	1823186
86	126	286737	3616375	121	39259	2209827	2779324	1980066
87	127	350777	4416529	122	50889	2311345	3108619	1934051
88	128	321624	3876793	123	48500	2155660	2720269	2072811
89	129	344952	3447883	124	50185	2118290	2716417	1688957
90	130	369739	3691495	125	54388	2189845	2844157	1971006
91	131	336320	7147643	126	55110	2179270	6230962	2622127
92	132	756065	3643461	127	53296	2167271	3084767	1600980
93	133	304333	3699997	128	42834	2200437	2665935	1677036
94	134	319453	3670118	129	48815	2180919	2713232	1780033
95	135	319873	3719222	130	48296	2274493	2765325	2426147
96	136	292316	3686716	131	57166	2119067	2614491	3163099
97	137	308893	3717751	132	63630	2170530	2744176	1893043
98	138	307100	3774665	133	49352	2181270	2812954	1731157
99	139	287714	3641306	134	56445	2134919	2720695	1513004
100	140	325640	3915157	135	50370	2261345	2925916	1437187
DONE
