sample	pub_gap_ns	dialfailed
1	480542709	0
2	453517326	0
3	452482662	0
4	439262460	0
5	1221324258	0
6	452600494	0
7	443522670	0
8	461458635	0
9	434674992	0
10	463669332	0
11	449761281	0
12	503816770	0
13	491780675	0
14	525395520	0
15	489802478	0
16	441059510	0
17	468773984	0
18	512361466	0
19	487765964	0
20	447046067	0
21	482812998	0
22	446479179	0
23	479486693	0
24	505794652	0
25	435662841	0
26	447765287	0
27	430991244	0
28	540618586	0
29	455501301	0
30	441517546	0
31	473058842	0
32	440128031	0
33	458789902	0
34	448034545	0
35	467502284	0
36	434374233	0
37	471291626	0
38	451348942	0
39	433729735	0
40	424238577	0
41	452515883	0
42	446103551	0
43	451412739	0
44	808640382	0
45	TIMEOUT	0
46	621642094	0
47	612085770	0
48	614006209	0
49	636709939	0
50	701243640	0
51	791189210	0
52	631996397	0
53	697211947	0
54	622205148	0
55	615368834	0
56	639017155	0
57	966637328	0
58	661771977	0
59	744858753	0
60	625265232	0
61	728617505	0
62	635853812	0
63	643181365	0
64	634623056	0
65	687489494	0
66	679868961	0
67	644463157	0
68	637214622	0
69	683630339	0
70	598325329	0
71	688379121	0
72	633425967	0
73	1002830593	0
74	622824739	0
75	634373186	0
76	791865764	0
77	695141990	0
78	662170068	0
79	683666431	0
80	678041893	0
81	681828511	0
82	667148424	0
83	785200321	0
84	708389655	0
85	628682295	0
86	610314794	0
87	603244037	0
88	1322105513	0
89	614560041	0
90	604248182	0
91	614618855	0
92	606773212	0
93	690000913	0
94	613398340	0
95	658408079	0
96	615467945	0
97	649315772	0
98	616251850	0
99	685632925	0
100	625039288	0
101	632743802	0
102	609955517	0
103	638771451	0
104	763909105	0
105	653221539	0
106	591260313	0
107	655011867	0
108	628237149	0
109	603514499	0
110	779172357	0
DONE
