sample	dialer_conn	connect_ns	init_handshake_ns	acceptor_conn	resp_queue_ns	resp_compute_ns	resp_handshake_ns	gap_ns	init_queue_ns	init_compute_ns	init_write_ns
1	3	166385085	175456390	None	None	None	None	167665004	193592	438758	71796
2	4	170505535	178762343	None	None	None	None	172363042	61462	861145	96425
3	5	171941679	179104360	None	None	None	None	170242071	85851	370925	127185
4	6	166364919	178194233	None	None	None	None	174649000	62814	360592	77093
5	7	172304585	176952866	None	None	None	None	169060945	58741	1007775	96315
6	8	170558683	180768892	None	None	None	None	164608001	109222	357110	76630
7	9	170813886	179187971	None	None	None	None	165596961	57129	391592	84704
8	10	165940920	175107336	None	None	None	None	166584968	503720	530609	268370
9	11	162484283	179098453	None	None	None	None	164892911	54556	860312	93574
10	12	171358829	180829633	None	None	None	None	168724060	73963	371221	80889
11	13	171862531	180673948	None	None	None	None	179337024	71592	382128	98037
12	14	168862392	176507813	None	None	None	None	178683042	82648	398869	76370
13	15	172475344	177117830	None	None	None	None	167089939	69018	992219	125721
14	16	164974775	176643572	None	None	None	None	164391994	393740	382277	113814
15	17	169137687	181013798	None	None	None	None	168667078	60741	370555	94574
16	18	172020734	175351409	None	None	None	None	167193174	59703	381147	90000
17	19	171096793	175770556	None	None	None	None	171614885	75037	1004831	98167
18	20	168239265	177340848	None	None	None	None	165451049	91518	422239	97814
19	21	167895840	171200644	None	None	None	None	170117855	62055	379776	83222
20	22	169514576	175699575	None	None	None	None	171204805	67648	471776	97833
21	23	165064367	177182181	None	None	None	None	171880006	76445	1009960	138407
22	24	172820769	179925765	None	None	None	None	174216985	61018	384480	100944
23	25	171273940	179254471	None	None	None	None	178355216	55370	363425	95777
24	26	165635051	177111367	None	None	None	None	170110940	66203	505499	83629
25	27	171278551	182194499	None	None	None	None	173287868	61518	764442	95592
26	28	169577187	181020965	None	None	None	None	168244838	128278	524739	166184
27	29	167393397	180641781	None	None	None	None	170171976	65537	415777	99833
28	30	171474884	179189045	None	None	None	None	164392948	778313	359313	77685
29	31	169719112	180407264	None	None	None	None	164737939	64944	1021738	94963
30	32	168083321	179522044	None	None	None	None	170821905	100907	476795	97408
31	33	171782976	177327587	None	None	None	None	169372081	69240	372017	83629
32	34	167504767	175767130	None	None	None	None	170618057	77093	1000386	106574
33	35	168815874	179809617	None	None	None	None	176889896	65574	381110	76370
34	36	163261596	174511671	None	None	None	None	174635887	57000	367091	95314
35	37	168129432	174809300	None	None	None	None	176528930	71982	570054	90741
36	38	171528866	179494970	None	None	None	None	175302028	85777	992756	101870
37	39	170216666	181853629	None	None	None	None	175153017	299388	508239	223980
38	40	169161132	177294866	None	None	None	None	170472860	68129	360370	77852
39	41	166116476	176793072	None	None	None	None	167639017	58222	378739	75056
40	42	171315255	181733519	None	None	None	None	168289899	72204	616887	121778
41	43	172381288	176002444	None	None	None	None	167335033	134518	397851	142703
42	44	170323203	179352229	None	None	None	None	168423891	69055	405165	75611
43	45	165742291	177513847	None	None	None	None	171030044	84908	487980	90185
44	46	170777609	176797275	None	None	None	None	165069818	86482	409035	128222
45	47	170865664	178672398	None	None	None	None	169989824	49667	383999	74981
46	48	172361900	175954667	None	None	None	None	176038980	74518	444425	77277
47	49	166313678	174704856	None	None	None	None	165946960	266648	645683	326703
48	50	163546983	182560275	None	None	None	None	168324947	62481	463424	94296
49	51	171119533	177495384	None	None	None	None	168300867	35129	477517	91518
50	52	172108568	180448485	None	None	None	None	174210786	89685	477573	147741
51	53	168264116	182452591	None	None	None	None	165255069	68852	1000922	112851
52	54	168393746	175554798	None	None	None	None	179667949	67630	377462	84092
53	55	170836960	181088317	None	None	None	None	173129081	66796	1011737	100481
54	56	165873458	176591183	None	None	None	None	165601015	66592	394110	76185
55	57	173747229	181930518	None	None	None	None	167368888	98759	996497	96629
56	58	173873284	180285153	None	None	None	None	164957046	124222	392610	145110
57	59	170735664	180724596	None	None	None	None	168831825	77037	1007756	102648
58	60	169200077	178140160	None	None	None	None	172887086	69685	469739	108277
59	61	168523782	176691868	None	None	None	None	168307781	59778	386703	83833
60	62	169763686	171220329	None	None	None	None	171782016	60018	866386	86722
61	63	167221972	181854166	None	None	None	None	169780969	105481	476925	118685
62	64	169445983	173683137	None	None	None	None	168797016	53852	365240	84425
63	65	164183259	180370226	None	None	None	None	173746824	59129	415610	72388
64	66	166616511	179139620	None	None	None	None	166178941	62110	1044700	135499
65	67	167480489	176093407	None	None	None	None	166572093	62111	365425	80036
66	68	168926022	178385195	None	None	None	None	175031900	60092	436351	97796
67	69	171042867	173318138	None	None	None	None	164585828	82111	1008830	100999
68	70	162707486	176278684	None	None	None	None	178614139	93499	499517	99926
69	71	168409931	176246776	None	None	None	None	174542903	33833	363981	74685
70	72	164563980	174670467	None	None	None	None	166063070	87721	1003774	107073
71	73	171035830	179586488	None	None	None	None	167243003	49870	383165	70277
72	74	171328163	176185425	None	None	None	None	169213056	42574	361351	80370
73	75	163965927	176077740	None	None	None	None	166496992	93278	425999	82722
74	76	171692494	176951849	None	None	None	None	169234991	65667	995145	117925
75	77	168680375	177447847	None	None	None	None	170063018	65315	409202	75351
76	78	168507134	179065879	None	None	None	None	166339874	82814	359203	83018
77	79	170679350	177126940	None	None	None	None	165510177	128667	989923	98407
78	80	171054978	179680099	None	None	None	None	167994976	117759	509999	102888
79	81	164106778	179921672	None	None	None	None	174822092	62722	358906	109944
80	82	170224573	176061591	None	None	None	None	173604011	128166	534684	96926
81	83	162389264	179377563	None	None	None	None	165494918	56889	871424	91333
82	84	169652872	176719664	None	None	None	None	170980930	71167	381776	83962
83	85	172201734	179654802	None	None	None	None	170324802	69630	366906	79111
84	86	162992170	179074378	None	None	None	None	169159889	68352	1013941	95815
85	87	172195289	177768791	None	None	None	None	164167881	87148	426869	109407
86	88	170532109	175279280	None	None	None	None	166117906	114388	400202	81759
87	89	170954756	179220008	None	None	None	None	175294876	52370	360906	81148
88	90	170348814	177086904	None	None	None	None	165949106	55982	394518	88203
89	91	172937898	172092679	None	None	None	None	167463779	39093	369610	102018
90	92	164450333	180664837	None	None	None	None	169132947	35333	387258	59277
91	93	167106075	182962947	None	None	None	None	167468070	63500	994922	100555
92	94	166217410	179970309	None	None	None	None	167232036	63777	438980	100092
93	95	174674289	179710754	None	None	None	None	176171064	68518	394998	77185
94	96	169568806	179710532	None	None	None	None	166003942	71629	1019016	98888
95	97	173622016	179528385	None	None	None	None	168663024	68388	477720	78519
96	98	171621003	171202542	None	None	None	None	166341066	63852	401629	81407
97	99	168330366	175295992	None	None	None	None	165426015	74666	992719	99852
98	100	169336345	177640483	None	None	None	None	164749860	69333	395406	142592
99	101	171111986	179981124	None	None	None	None	169898986	73889	383054	84574
100	102	174074329	177433521	None	None	None	None	174651145	68907	1006960	97574
DONE
