OBS	old.r1	1	21418	3330449
OBS	old.r1	1	24548	3330449
OBS	old.r1	1	22482	3330449
OBS	old.r1	1	22075	3330449
OBS	old.r1	1	22068	3330449
OBS	old.r1	1	27010	3330449
OBS	old.r1	1	23164	3330449
OBS	old.r1	1	21895	3330449
OBS	old.r1	1	21792	3330449
OBS	old.r1	1	21922	3330449
OBS	old.r1	1	25116	3330449
OBS	old.r1	1	26540	3330449
OBS	old.r1	1	21907	3330449
OBS	old.r1	1	22829	3330449
OBS	old.r1	1	23117	3330449
OBS	old.r1	1	21994	3330449
OBS	old.r1	1	22714	3330449
OBS	old.r1	1	23119	3330449
OBS	old.r1	1	22228	3330449
OBS	old.r1	1	23063	3330449
OBS	old.r1	1	23203	3330449
OBS	old.r1	1	22224	3330449
OBS	old.r1	1	23685	3330449
OBS	old.r1	1	25592	3330449
OBS	old.r1	1	21118	3330449
OBS	old.r1	1	31749	3330449
OBS	old.r1	1	22723	3330449
OBS	old.r1	1	25391	3330449
OBS	old.r1	1	29166	3330449
OBS	old.r1	1	24805	3330449
OBS	old.r1	1	23573	3330449
OBS	old.r1	1	22246	3330449
OBS	old.r1	1	26834	3330449
OBS	old.r1	1	24169	3330449
OBS	old.r1	1	27140	3330449
OBS	old.r1	1	24751	3330449
OBS	old.r1	1	35900	3330449
OBS	old.r1	1	22548	3330449
OBS	old.r1	1	23034	3330449
OBS	old.r1	1	22311	3330449
OBS	old.r1	1	22601	3330449
OBS	old.r1	1	24101	3330449
OBS	old.r1	1	24175	3330449
OBS	old.r1	1	21652	3330449
OBS	old.r1	1	21533	3330449
OBS	old.r1	1	22303	3330449
OBS	old.r1	1	22484	3330449
OBS	old.r1	1	23621	3330449
OBS	old.r1	1	21935	3330449
OBS	old.r1	1	22404	3330449
BLOCK	old.r1	1	50	1194	152	55
OBS	new.r1	1	99979	3330449
OBS	new.r1	1	101032	3330449
OBS	new.r1	1	101428	3330449
OBS	new.r1	1	102287	3330449
OBS	new.r1	1	100733	3330449
OBS	new.r1	1	105292	3330449
OBS	new.r1	1	101457	3330449
OBS	new.r1	1	103819	3330449
OBS	new.r1	1	100015	3330449
OBS	new.r1	1	100045	3330449
OBS	new.r1	1	100301	3330449
OBS	new.r1	1	101259	3330449
OBS	new.r1	1	107665	3330449
OBS	new.r1	1	106045	3330449
OBS	new.r1	1	104059	3330449
OBS	new.r1	1	103575	3330449
OBS	new.r1	1	101528	3330449
OBS	new.r1	1	104088	3330449
OBS	new.r1	1	99704	3330449
OBS	new.r1	1	101992	3330449
OBS	new.r1	1	99939	3330449
OBS	new.r1	1	101512	3330449
OBS	new.r1	1	103433	3330449
OBS	new.r1	1	103500	3330449
OBS	new.r1	1	102617	3330449
OBS	new.r1	1	100178	3330449
OBS	new.r1	1	102146	3330449
OBS	new.r1	1	102894	3330449
OBS	new.r1	1	100183	3330449
OBS	new.r1	1	99830	3330449
OBS	new.r1	1	99960	3330449
OBS	new.r1	1	103758	3330449
OBS	new.r1	1	103876	3330449
OBS	new.r1	1	102790	3330449
OBS	new.r1	1	101983	3330449
OBS	new.r1	1	103864	3330449
OBS	new.r1	1	102239	3330449
OBS	new.r1	1	107157	3330449
OBS	new.r1	1	107986	3330449
OBS	new.r1	1	104107	3330449
OBS	new.r1	1	102275	3330449
OBS	new.r1	1	100787	3330449
OBS	new.r1	1	105642	3330449
OBS	new.r1	1	105122	3330449
OBS	new.r1	1	107418	3330449
OBS	new.r1	1	107619	3330449
OBS	new.r1	1	113050	3330449
OBS	new.r1	1	103514	3330449
OBS	new.r1	1	106168	3330449
OBS	new.r1	1	104568	3330449
BLOCK	new.r1	1	50	5161	554	55
OBS	old.r2	1	23059	3330449
OBS	old.r2	1	22712	3330449
OBS	old.r2	1	25502	3330449
OBS	old.r2	1	27637	3330449
OBS	old.r2	1	23432	3330449
OBS	old.r2	1	24445	3330449
OBS	old.r2	1	20804	3330449
OBS	old.r2	1	22118	3330449
OBS	old.r2	1	25363	3330449
OBS	old.r2	1	23318	3330449
OBS	old.r2	1	21740	3330449
OBS	old.r2	1	28045	3330449
OBS	old.r2	1	21905	3330449
OBS	old.r2	1	23400	3330449
OBS	old.r2	1	22091	3330449
OBS	old.r2	1	21930	3330449
OBS	old.r2	1	21782	3330449
OBS	old.r2	1	21565	3330449
OBS	old.r2	1	23807	3330449
OBS	old.r2	1	21615	3330449
OBS	old.r2	1	23650	3330449
OBS	old.r2	1	23071	3330449
OBS	old.r2	1	22954	3330449
OBS	old.r2	1	21875	3330449
OBS	old.r2	1	22295	3330449
OBS	old.r2	1	24097	3330449
OBS	old.r2	1	20986	3330449
OBS	old.r2	1	23648	3330449
OBS	old.r2	1	22949	3330449
OBS	old.r2	1	21982	3330449
OBS	old.r2	1	21975	3330449
OBS	old.r2	1	22387	3330449
OBS	old.r2	1	25588	3330449
OBS	old.r2	1	22839	3330449
OBS	old.r2	1	24276	3330449
OBS	old.r2	1	22895	3330449
OBS	old.r2	1	26475	3330449
OBS	old.r2	1	21170	3330449
OBS	old.r2	1	23191	3330449
OBS	old.r2	1	21810	3330449
OBS	old.r2	1	24366	3330449
OBS	old.r2	1	24036	3330449
OBS	old.r2	1	21859	3330449
OBS	old.r2	1	25774	3330449
OBS	old.r2	1	20968	3330449
OBS	old.r2	1	24323	3330449
OBS	old.r2	1	23436	3330449
OBS	old.r2	1	23002	3330449
OBS	old.r2	1	20894	3330449
OBS	old.r2	1	25881	3330449
BLOCK	old.r2	1	50	1164	149	55
OBS	new.r2	1	97876	3330449
OBS	new.r2	1	96970	3330449
OBS	new.r2	1	92623	3330449
OBS	new.r2	1	113004	3330449
OBS	new.r2	1	106016	3330449
OBS	new.r2	1	103189	3330449
OBS	new.r2	1	107915	3330449
OBS	new.r2	1	107461	3330449
OBS	new.r2	1	103428	3330449
OBS	new.r2	1	102206	3330449
OBS	new.r2	1	109680	3330449
OBS	new.r2	1	107402	3330449
OBS	new.r2	1	103041	3330449
OBS	new.r2	1	104114	3330449
OBS	new.r2	1	106110	3330449
OBS	new.r2	1	105681	3330449
OBS	new.r2	1	105285	3330449
OBS	new.r2	1	106782	3330449
OBS	new.r2	1	102593	3330449
OBS	new.r2	1	103456	3330449
OBS	new.r2	1	103597	3330449
OBS	new.r2	1	110974	3330449
OBS	new.r2	1	105589	3330449
OBS	new.r2	1	103976	3330449
OBS	new.r2	1	107091	3330449
OBS	new.r2	1	109214	3330449
OBS	new.r2	1	106908	3330449
OBS	new.r2	1	105208	3330449
OBS	new.r2	1	105623	3330449
OBS	new.r2	1	107196	3330449
OBS	new.r2	1	106198	3330449
OBS	new.r2	1	106049	3330449
OBS	new.r2	1	104854	3330449
OBS	new.r2	1	107165	3330449
OBS	new.r2	1	104527	3330449
OBS	new.r2	1	107151	3330449
OBS	new.r2	1	108695	3330449
OBS	new.r2	1	107708	3330449
OBS	new.r2	1	109479	3330449
OBS	new.r2	1	106970	3330449
OBS	new.r2	1	109553	3330449
OBS	new.r2	1	107115	3330449
OBS	new.r2	1	103153	3330449
OBS	new.r2	1	106557	3330449
OBS	new.r2	1	105607	3330449
OBS	new.r2	1	107894	3330449
OBS	new.r2	1	108736	3330449
OBS	new.r2	1	105301	3330449
OBS	new.r2	1	101064	3330449
OBS	new.r2	1	109884	3330449
BLOCK	new.r2	1	50	5289	571	55
OBS	old.r3	1	23217	3330449
OBS	old.r3	1	23566	3330449
OBS	old.r3	1	22313	3330449
OBS	old.r3	1	22776	3330449
OBS	old.r3	1	23032	3330449
OBS	old.r3	1	22020	3330449
OBS	old.r3	1	24140	3330449
OBS	old.r3	1	22411	3330449
OBS	old.r3	1	21936	3330449
OBS	old.r3	1	21714	3330449
OBS	old.r3	1	21534	3330449
OBS	old.r3	1	21847	3330449
OBS	old.r3	1	22167	3330449
OBS	old.r3	1	23320	3330449
OBS	old.r3	1	21989	3330449
OBS	old.r3	1	22908	3330449
OBS	old.r3	1	26178	3330449
OBS	old.r3	1	23673	3330449
OBS	old.r3	1	23569	3330449
OBS	old.r3	1	21364	3330449
OBS	old.r3	1	22414	3330449
OBS	old.r3	1	27335	3330449
OBS	old.r3	1	22488	3330449
OBS	old.r3	1	25338	3330449
OBS	old.r3	1	25005	3330449
OBS	old.r3	1	24569	3330449
OBS	old.r3	1	20909	3330449
OBS	old.r3	1	22571	3330449
OBS	old.r3	1	22782	3330449
OBS	old.r3	1	23841	3330449
OBS	old.r3	1	22840	3330449
OBS	old.r3	1	21826	3330449
OBS	old.r3	1	29057	3330449
OBS	old.r3	1	26953	3330449
OBS	old.r3	1	22586	3330449
OBS	old.r3	1	22489	3330449
OBS	old.r3	1	23719	3330449
OBS	old.r3	1	23472	3330449
OBS	old.r3	1	23398	3330449
OBS	old.r3	1	21259	3330449
OBS	old.r3	1	23420	3330449
OBS	old.r3	1	25993	3330449
OBS	old.r3	1	22139	3330449
OBS	old.r3	1	26449	3330449
OBS	old.r3	1	21510	3330449
OBS	old.r3	1	22080	3330449
OBS	old.r3	1	24852	3330449
OBS	old.r3	1	21634	3330449
OBS	old.r3	1	24178	3330449
OBS	old.r3	1	22327	3330449
BLOCK	old.r3	1	50	1169	148	55
OBS	new.r3	1	99219	3330449
OBS	new.r3	1	103918	3330449
OBS	new.r3	1	103814	3330449
OBS	new.r3	1	102480	3330449
OBS	new.r3	1	103018	3330449
OBS	new.r3	1	105302	3330449
OBS	new.r3	1	101740	3330449
OBS	new.r3	1	100082	3330449
OBS	new.r3	1	105177	3330449
OBS	new.r3	1	102416	3330449
OBS	new.r3	1	108019	3330449
OBS	new.r3	1	99845	3330449
OBS	new.r3	1	103922	3330449
OBS	new.r3	1	98490	3330449
OBS	new.r3	1	101330	3330449
OBS	new.r3	1	100436	3330449
OBS	new.r3	1	102345	3330449
OBS	new.r3	1	103756	3330449
OBS	new.r3	1	104938	3330449
OBS	new.r3	1	102300	3330449
OBS	new.r3	1	104800	3330449
OBS	new.r3	1	100266	3330449
OBS	new.r3	1	101335	3330449
OBS	new.r3	1	103326	3330449
OBS	new.r3	1	102131	3330449
OBS	new.r3	1	102352	3330449
OBS	new.r3	1	101463	3330449
OBS	new.r3	1	100945	3330449
OBS	new.r3	1	100705	3330449
OBS	new.r3	1	106075	3330449
OBS	new.r3	1	101749	3330449
OBS	new.r3	1	100832	3330449
OBS	new.r3	1	102448	3330449
OBS	new.r3	1	104118	3330449
OBS	new.r3	1	104088	3330449
OBS	new.r3	1	103746	3330449
OBS	new.r3	1	102778	3330449
OBS	new.r3	1	104403	3330449
OBS	new.r3	1	103115	3330449
OBS	new.r3	1	101526	3330449
OBS	new.r3	1	105850	3330449
OBS	new.r3	1	101184	3330449
OBS	new.r3	1	104276	3330449
OBS	new.r3	1	102579	3330449
OBS	new.r3	1	106167	3330449
OBS	new.r3	1	102611	3330449
OBS	new.r3	1	100724	3330449
OBS	new.r3	1	105920	3330449
OBS	new.r3	1	104442	3330449
OBS	new.r3	1	101730	3330449
BLOCK	new.r3	1	50	5144	552	55
OBS	old.r4	1	28028	3330449
OBS	old.r4	1	24996	3330449
OBS	old.r4	1	22034	3330449
OBS	old.r4	1	24155	3330449
OBS	old.r4	1	22619	3330449
OBS	old.r4	1	22444	3330449
OBS	old.r4	1	21325	3330449
OBS	old.r4	1	23720	3330449
OBS	old.r4	1	24376	3330449
OBS	old.r4	1	22278	3330449
OBS	old.r4	1	22807	3330449
OBS	old.r4	1	21922	3330449
OBS	old.r4	1	28368	3330449
OBS	old.r4	1	23110	3330449
OBS	old.r4	1	25039	3330449
OBS	old.r4	1	23819	3330449
OBS	old.r4	1	27991	3330449
OBS	old.r4	1	21360	3330449
OBS	old.r4	1	30703	3330449
OBS	old.r4	1	23095	3330449
OBS	old.r4	1	21716	3330449
OBS	old.r4	1	24116	3330449
OBS	old.r4	1	22595	3330449
OBS	old.r4	1	22769	3330449
OBS	old.r4	1	22439	3330449
OBS	old.r4	1	21238	3330449
OBS	old.r4	1	26734	3330449
OBS	old.r4	1	22304	3330449
OBS	old.r4	1	21589	3330449
OBS	old.r4	1	22140	3330449
OBS	old.r4	1	22103	3330449
OBS	old.r4	1	22510	3330449
OBS	old.r4	1	23364	3330449
OBS	old.r4	1	26820	3330449
OBS	old.r4	1	23289	3330449
OBS	old.r4	1	21686	3330449
OBS	old.r4	1	21765	3330449
OBS	old.r4	1	23286	3330449
OBS	old.r4	1	24330	3330449
OBS	old.r4	1	24064	3330449
OBS	old.r4	1	27407	3330449
OBS	old.r4	1	22343	3330449
OBS	old.r4	1	23101	3330449
OBS	old.r4	1	21449	3330449
OBS	old.r4	1	23257	3330449
OBS	old.r4	1	22427	3330449
OBS	old.r4	1	21726	3330449
OBS	old.r4	1	21603	3330449
OBS	old.r4	1	22347	3330449
OBS	old.r4	1	31196	3330449
BLOCK	old.r4	1	50	1186	152	55
OBS	new.r4	1	101188	3330449
OBS	new.r4	1	101648	3330449
OBS	new.r4	1	104068	3330449
OBS	new.r4	1	103378	3330449
OBS	new.r4	1	100767	3330449
OBS	new.r4	1	105335	3330449
OBS	new.r4	1	102595	3330449
OBS	new.r4	1	111556	3330449
OBS	new.r4	1	101906	3330449
OBS	new.r4	1	99493	3330449
OBS	new.r4	1	101794	3330449
OBS	new.r4	1	103549	3330449
OBS	new.r4	1	101726	3330449
OBS	new.r4	1	105044	3330449
OBS	new.r4	1	103054	3330449
OBS	new.r4	1	104790	3330449
OBS	new.r4	1	110916	3330449
OBS	new.r4	1	102504	3330449
OBS	new.r4	1	94127	3330449
OBS	new.r4	1	98637	3330449
OBS	new.r4	1	104907	3330449
OBS	new.r4	1	98594	3330449
OBS	new.r4	1	95498	3330449
OBS	new.r4	1	98457	3330449
OBS	new.r4	1	96995	3330449
OBS	new.r4	1	97585	3330449
OBS	new.r4	1	91281	3330449
OBS	new.r4	1	96117	3330449
OBS	new.r4	1	95426	3330449
OBS	new.r4	1	104481	3330449
OBS	new.r4	1	118185	3330449
OBS	new.r4	1	114252	3330449
OBS	new.r4	1	104758	3330449
OBS	new.r4	1	97286	3330449
OBS	new.r4	1	102038	3330449
OBS	new.r4	1	108014	3330449
OBS	new.r4	1	103928	3330449
OBS	new.r4	1	101916	3330449
OBS	new.r4	1	102715	3330449
OBS	new.r4	1	106261	3330449
OBS	new.r4	1	103256	3330449
OBS	new.r4	1	105422	3330449
OBS	new.r4	1	103272	3330449
OBS	new.r4	1	104130	3330449
OBS	new.r4	1	103093	3330449
OBS	new.r4	1	105013	3330449
OBS	new.r4	1	114392	3330449
OBS	new.r4	1	105193	3330449
OBS	new.r4	1	106073	3330449
OBS	new.r4	1	103282	3330449
BLOCK	new.r4	1	50	5154	563	55
OBS	old.r1	8	105832	3330449
OBS	old.r1	8	106894	3330449
OBS	old.r1	8	111653	3330449
OBS	old.r1	8	109100	3330449
OBS	old.r1	8	116707	3330449
OBS	old.r1	8	107953	3330449
OBS	old.r1	8	108433	3330449
OBS	old.r1	8	107169	3330449
OBS	old.r1	8	92777	3330449
OBS	old.r1	8	82445	3330449
OBS	old.r1	8	81227	3330449
OBS	old.r1	8	91794	3330449
OBS	old.r1	8	91181	3330449
OBS	old.r1	8	92130	3330449
OBS	old.r1	8	86036	3330449
OBS	old.r1	8	82700	3330449
OBS	old.r1	8	90090	3330449
OBS	old.r1	8	95549	3330449
OBS	old.r1	8	95488	3330449
OBS	old.r1	8	92573	3330449
OBS	old.r1	8	91737	3330449
OBS	old.r1	8	100245	3330449
OBS	old.r1	8	95900	3330449
OBS	old.r1	8	87960	3330449
OBS	old.r1	8	84346	3330449
OBS	old.r1	8	89174	3330449
OBS	old.r1	8	86277	3330449
OBS	old.r1	8	88628	3330449
OBS	old.r1	8	87780	3330449
OBS	old.r1	8	83777	3330449
OBS	old.r1	8	85964	3330449
OBS	old.r1	8	92275	3330449
OBS	old.r1	8	88772	3330449
OBS	old.r1	8	92472	3330449
OBS	old.r1	8	84938	3330449
OBS	old.r1	8	94697	3330449
OBS	old.r1	8	86480	3330449
OBS	old.r1	8	94160	3330449
OBS	old.r1	8	78411	3330449
OBS	old.r1	8	78751	3330449
OBS	old.r1	8	132454	3330449
OBS	old.r1	8	120382	3330449
OBS	old.r1	8	128892	3330449
OBS	old.r1	8	129498	3330449
OBS	old.r1	8	137429	3330449
OBS	old.r1	8	126828	3330449
OBS	old.r1	8	126800	3330449
OBS	old.r1	8	122690	3330449
OBS	old.r1	8	85116	3330449
OBS	old.r1	8	87698	3330449
OBS	old.r1	8	92765	3330449
OBS	old.r1	8	85082	3330449
OBS	old.r1	8	87314	3330449
OBS	old.r1	8	94584	3330449
OBS	old.r1	8	81006	3330449
OBS	old.r1	8	90264	3330449
OBS	old.r1	8	86076	3330449
OBS	old.r1	8	87916	3330449
OBS	old.r1	8	86936	3330449
OBS	old.r1	8	86173	3330449
OBS	old.r1	8	85580	3330449
OBS	old.r1	8	86649	3330449
OBS	old.r1	8	79165	3330449
OBS	old.r1	8	91550	3330449
BLOCK	old.r1	8	64	822	294	69
OBS	new.r1	8	224653	3330449
OBS	new.r1	8	216954	3330449
OBS	new.r1	8	216415	3330449
OBS	new.r1	8	227096	3330449
OBS	new.r1	8	218460	3330449
OBS	new.r1	8	215732	3330449
OBS	new.r1	8	209034	3330449
OBS	new.r1	8	193058	3330449
OBS	new.r1	8	193823	3330449
OBS	new.r1	8	202347	3330449
OBS	new.r1	8	200595	3330449
OBS	new.r1	8	189867	3330449
OBS	new.r1	8	210336	3330449
OBS	new.r1	8	207960	3330449
OBS	new.r1	8	210353	3330449
OBS	new.r1	8	206340	3330449
OBS	new.r1	8	209706	3330449
OBS	new.r1	8	184169	3330449
OBS	new.r1	8	182958	3330449
OBS	new.r1	8	207450	3330449
OBS	new.r1	8	170163	3330449
OBS	new.r1	8	201727	3330449
OBS	new.r1	8	198699	3330449
OBS	new.r1	8	215008	3330449
OBS	new.r1	8	195887	3330449
OBS	new.r1	8	202633	3330449
OBS	new.r1	8	201379	3330449
OBS	new.r1	8	202601	3330449
OBS	new.r1	8	201570	3330449
OBS	new.r1	8	201532	3330449
OBS	new.r1	8	217130	3330449
OBS	new.r1	8	206356	3330449
OBS	new.r1	8	212880	3330449
OBS	new.r1	8	208073	3330449
OBS	new.r1	8	207698	3330449
OBS	new.r1	8	183941	3330449
OBS	new.r1	8	207888	3330449
OBS	new.r1	8	211360	3330449
OBS	new.r1	8	201671	3330449
OBS	new.r1	8	207864	3330449
OBS	new.r1	8	214460	3330449
OBS	new.r1	8	179908	3330449
OBS	new.r1	8	209176	3330449
OBS	new.r1	8	180527	3330449
OBS	new.r1	8	203338	3330449
OBS	new.r1	8	195315	3330449
OBS	new.r1	8	193687	3330449
OBS	new.r1	8	204219	3330449
OBS	new.r1	8	195480	3330449
OBS	new.r1	8	194489	3330449
OBS	new.r1	8	175050	3330449
OBS	new.r1	8	207591	3330449
OBS	new.r1	8	200387	3330449
OBS	new.r1	8	182864	3330449
OBS	new.r1	8	195270	3330449
OBS	new.r1	8	204889	3330449
OBS	new.r1	8	186032	3330449
OBS	new.r1	8	204301	3330449
OBS	new.r1	8	210634	3330449
OBS	new.r1	8	205791	3330449
OBS	new.r1	8	209831	3330449
OBS	new.r1	8	197769	3330449
OBS	new.r1	8	205725	3330449
OBS	new.r1	8	203393	3330449
BLOCK	new.r1	8	64	1717	653	69
OBS	old.r2	8	112717	3330449
OBS	old.r2	8	110804	3330449
OBS	old.r2	8	118016	3330449
OBS	old.r2	8	115185	3330449
OBS	old.r2	8	110542	3330449
OBS	old.r2	8	115508	3330449
OBS	old.r2	8	113452	3330449
OBS	old.r2	8	113465	3330449
OBS	old.r2	8	93218	3330449
OBS	old.r2	8	92212	3330449
OBS	old.r2	8	93598	3330449
OBS	old.r2	8	89040	3330449
OBS	old.r2	8	91552	3330449
OBS	old.r2	8	90863	3330449
OBS	old.r2	8	81970	3330449
OBS	old.r2	8	83261	3330449
OBS	old.r2	8	93832	3330449
OBS	old.r2	8	87470	3330449
OBS	old.r2	8	96445	3330449
OBS	old.r2	8	89007	3330449
OBS	old.r2	8	89607	3330449
OBS	old.r2	8	93656	3330449
OBS	old.r2	8	86927	3330449
OBS	old.r2	8	89477	3330449
OBS	old.r2	8	94310	3330449
OBS	old.r2	8	96734	3330449
OBS	old.r2	8	88680	3330449
OBS	old.r2	8	80867	3330449
OBS	old.r2	8	93128	3330449
OBS	old.r2	8	73173	3330449
OBS	old.r2	8	87105	3330449
OBS	old.r2	8	92830	3330449
OBS	old.r2	8	97129	3330449
OBS	old.r2	8	98554	3330449
OBS	old.r2	8	97013	3330449
OBS	old.r2	8	89838	3330449
OBS	old.r2	8	86055	3330449
OBS	old.r2	8	92057	3330449
OBS	old.r2	8	90067	3330449
OBS	old.r2	8	89826	3330449
OBS	old.r2	8	86977	3330449
OBS	old.r2	8	84464	3330449
OBS	old.r2	8	86298	3330449
OBS	old.r2	8	86752	3330449
OBS	old.r2	8	86663	3330449
OBS	old.r2	8	85332	3330449
OBS	old.r2	8	86354	3330449
OBS	old.r2	8	86289	3330449
OBS	old.r2	8	92332	3330449
OBS	old.r2	8	93852	3330449
OBS	old.r2	8	87296	3330449
OBS	old.r2	8	86427	3330449
OBS	old.r2	8	80150	3330449
OBS	old.r2	8	90673	3330449
OBS	old.r2	8	86883	3330449
OBS	old.r2	8	86775	3330449
OBS	old.r2	8	86977	3330449
OBS	old.r2	8	93279	3330449
OBS	old.r2	8	82608	3330449
OBS	old.r2	8	86694	3330449
OBS	old.r2	8	85100	3330449
OBS	old.r2	8	87166	3330449
OBS	old.r2	8	89048	3330449
OBS	old.r2	8	85418	3330449
BLOCK	old.r2	8	64	779	291	69
OBS	new.r2	8	209098	3330449
OBS	new.r2	8	217523	3330449
OBS	new.r2	8	221086	3330449
OBS	new.r2	8	215120	3330449
OBS	new.r2	8	213406	3330449
OBS	new.r2	8	217337	3330449
OBS	new.r2	8	215583	3330449
OBS	new.r2	8	214916	3330449
OBS	new.r2	8	207771	3330449
OBS	new.r2	8	209873	3330449
OBS	new.r2	8	179761	3330449
OBS	new.r2	8	212626	3330449
OBS	new.r2	8	182249	3330449
OBS	new.r2	8	197275	3330449
OBS	new.r2	8	206236	3330449
OBS	new.r2	8	190160	3330449
OBS	new.r2	8	206954	3330449
OBS	new.r2	8	190769	3330449
OBS	new.r2	8	198080	3330449
OBS	new.r2	8	201683	3330449
OBS	new.r2	8	189510	3330449
OBS	new.r2	8	200974	3330449
OBS	new.r2	8	189064	3330449
OBS	new.r2	8	207554	3330449
OBS	new.r2	8	207174	3330449
OBS	new.r2	8	197515	3330449
OBS	new.r2	8	193676	3330449
OBS	new.r2	8	199719	3330449
OBS	new.r2	8	192212	3330449
OBS	new.r2	8	199617	3330449
OBS	new.r2	8	189131	3330449
OBS	new.r2	8	192547	3330449
OBS	new.r2	8	181997	3330449
OBS	new.r2	8	212280	3330449
OBS	new.r2	8	188434	3330449
OBS	new.r2	8	208500	3330449
OBS	new.r2	8	192376	3330449
OBS	new.r2	8	180099	3330449
OBS	new.r2	8	216708	3330449
OBS	new.r2	8	182641	3330449
OBS	new.r2	8	198292	3330449
OBS	new.r2	8	190957	3330449
OBS	new.r2	8	180345	3330449
OBS	new.r2	8	198255	3330449
OBS	new.r2	8	190061	3330449
OBS	new.r2	8	195797	3330449
OBS	new.r2	8	201562	3330449
OBS	new.r2	8	198092	3330449
OBS	new.r2	8	198903	3330449
OBS	new.r2	8	197916	3330449
OBS	new.r2	8	162173	3330449
OBS	new.r2	8	204706	3330449
OBS	new.r2	8	201585	3330449
OBS	new.r2	8	197813	3330449
OBS	new.r2	8	202389	3330449
OBS	new.r2	8	192504	3330449
OBS	new.r2	8	204506	3330449
OBS	new.r2	8	205054	3330449
OBS	new.r2	8	207738	3330449
OBS	new.r2	8	199037	3330449
OBS	new.r2	8	198730	3330449
OBS	new.r2	8	203779	3330449
OBS	new.r2	8	204821	3330449
OBS	new.r2	8	190242	3330449
BLOCK	new.r2	8	64	1680	644	69
DIGEST	24205	178
DIGEST	23851	159
DIGEST	23893	43
DIGEST	23861	53
DIGEST	23868	65
DIGEST	23856	12
DIGEST	23853	255
DIGEST	23892	43
DIGEST	23871	70
DIGEST	23834	220
DIGEST	23855	238
DIGEST	23873	141
DIGEST	23842	54
DIGEST	23851	252
DIGEST	23847	12
DIGEST	23902	232
DIGEST	23844	163
DIGEST	23874	144
DIGEST	23875	211
DIGEST	23860	59
DIGEST	23885	176
DIGEST	23877	243
DIGEST	23858	101
DIGEST	23846	240
DIGEST	23848	197
DIGEST	23872	16
DIGEST	23915	243
DIGEST	23849	57
DIGEST	23868	166
DIGEST	23870	231
DIGEST	23856	138
DIGEST	23870	246
DIGEST	23850	2
DIGEST	23855	146
DIGEST	23842	167
DIGEST	23834	82
DIGEST	23887	129
DIGEST	23891	32
DIGEST	23869	227
DIGEST	23858	173
DIGEST	23844	52
DIGEST	23852	84
DIGEST	23841	196
DIGEST	23837	83
DIGEST	23854	247
DIGEST	24035	186
DIGEST	23867	169
DIGEST	23843	112
DIGEST	23860	161
DIGEST	23852	173
