arm	elapsed_ms	outcome
soak@3326976	12435	ok
soak@3326976	8399	ok
soak@1663488	5873	ok
soak@1663488	4915	ok
soak@831744	49002	ok
soak@831744	6315	ok
soak@3326976	10011	ok
soak@3326976	11594	ok
soak@1663488	49254	ok
soak@1663488	9700	ok
soak@831744	5616	ok
soak@831744	6638	ok
soak@3326976	6726	ok
soak@3326976	8508	ok
soak@1663488	5340	ok
soak@1663488	6832	ok
soak@831744	4660	ok
soak@831744	7314	ok
soak@3326976	56322	ok
soak@3326976	6517	ok
soak@1663488	11569	ok
soak@1663488	6550	ok
soak@831744	29231	ok
soak@831744	5952	ok
soak@3326976	28014	ok
soak@3326976	9405	ok
soak@1663488	7283	ok
soak@1663488	26308	ok
soak@831744	5661	ok
soak@831744	5249	ok
soak@3326976	12555	ok
soak@3326976	212450	truncated
soak@1663488	6094	ok
soak@1663488	18827	ok
soak@831744	6281	ok
soak@831744	11331	ok
soak@3326976	14400	ok
soak@3326976	14425	ok
soak@1663488	7662	ok
soak@1663488	5408	ok
soak@831744	5677	ok
soak@831744	4698	ok
soak@3326976	60001	circuit
soak@3326976	9384	ok
soak@1663488	6253	ok
soak@1663488	5539	ok
soak@831744	8819	ok
soak@831744	7013	ok
soak@3326976	25663	ok
soak@3326976	13202	ok
soak@1663488	14348	ok
soak@1663488	20855	ok
soak@831744	8153	ok
soak@831744	60001	circuit
soak@3326976	72846	ok
soak@3326976	60001	circuit
soak@1663488	10138	ok
soak@1663488	7059	ok
soak@831744	5980	ok
soak@831744	9956	ok
soak@3326976	24948	ok
soak@3326976	49034	ok
soak@1663488	9022	ok
soak@1663488	6924	ok
soak@831744	14961	ok
soak@831744	60001	circuit
soak@3326976	10175	ok
soak@3326976	21111	ok
soak@1663488	12918	ok
soak@1663488	10560	ok
soak@831744	10702	ok
soak@831744	17074	ok
soak@3326976	10415	ok
soak@3326976	9690	ok
soak@1663488	5189	ok
soak@1663488	16867	ok
soak@831744	6540	ok
soak@831744	6910	ok
soak@3326976	52505	ok
soak@3326976	9756	ok
soak@1663488	6183	ok
soak@1663488	34366	ok
soak@831744	5606	ok
soak@831744	18259	ok
soak@3326976	7360	ok
soak@3326976	16652	ok
soak@1663488	9606	ok
soak@1663488	8147	ok
soak@831744	8354	ok
soak@831744	5151	ok
soak@3326976	9231	ok
soak@3326976	9358	ok
soak@1663488	5851	ok
soak@1663488	16685	ok
soak@831744	12264	ok
soak@831744	4137	ok
soak@3326976	7038	ok
soak@3326976	8647	ok
soak@1663488	10813	ok
soak@1663488	7641	ok
soak@831744	4803	ok
soak@831744	8928	ok
soak@3326976	7447	ok
soak@3326976	8175	ok
soak@1663488	6276	ok
soak@1663488	9942	ok
soak@831744	4403	ok
soak@831744	12068	ok
soak@3326976	21473	ok
soak@3326976	18997	ok
soak@1663488	8250	ok
soak@1663488	17911	ok
soak@831744	6556	ok
soak@831744	5949	ok
soak@3326976	6621	ok
soak@3326976	22584	ok
soak@1663488	8260	ok
soak@1663488	42013	ok
soak@831744	5293	ok
soak@831744	8817	ok
soak@3326976	29714	ok
soak@3326976	22515	ok
soak@1663488	6967	ok
soak@1663488	7235	ok
soak@831744	4362	ok
soak@831744	60004	circuit
soak@3326976	6689	ok
soak@3326976	9636	ok
soak@1663488	7309	ok
soak@1663488	10076	ok
soak@831744	5499	ok
soak@831744	5838	ok
soak@3326976	11612	ok
soak@3326976	15954	ok
soak@1663488	8536	ok
soak@1663488	6154	ok
soak@831744	5855	ok
soak@831744	26343	ok
soak@3326976	8988	ok
soak@3326976	65822	ok
soak@1663488	9268	ok
soak@1663488	6719	ok
soak@831744	38031	timeout
soak@831744	5200	ok
soak@3326976	7394	ok
soak@3326976	17011	ok
soak@1663488	9873	ok
soak@1663488	45278	ok
soak@831744	32915	ok
soak@831744	60001	circuit
soak@3326976	10970	ok
soak@3326976	33441	ok
soak@1663488	26944	ok
soak@1663488	6184	ok
soak@831744	11561	ok
soak@831744	30132	ok
soak@3326976	13003	ok
soak@3326976	26251	ok
soak@1663488	7757	ok
soak@1663488	9126	ok
soak@831744	19982	ok
soak@831744	5466	ok
soak@3326976	11638	ok
soak@3326976	10305	ok
soak@1663488	10383	ok
soak@1663488	8722	ok
soak@831744	5283	ok
soak@831744	9167	ok
soak@3326976	120818	truncated
soak@3326976	47802	ok
soak@1663488	13279	ok
soak@1663488	13452	ok
soak@831744	4855	ok
soak@831744	5265	ok
soak@3326976	10587	ok
soak@3326976	11852	ok
soak@1663488	7626	ok
soak@1663488	60001	circuit
soak@831744	5536	ok
soak@831744	30385	ok
soak@3326976	37798	ok
soak@3326976	10891	ok
soak@1663488	7314	ok
soak@1663488	8030	ok
soak@831744	5116	ok
soak@831744	9545	ok
soak@3326976	29451	ok
soak@3326976	6685	ok
soak@1663488	5852	ok
soak@1663488	340247	ok
soak@831744	14282	ok
soak@831744	10729	ok
soak@3326976	36756	ok
soak@3326976	18555	ok
soak@1663488	26747	ok
soak@1663488	10321	ok
soak@831744	6359	ok
soak@831744	6703	ok
soak@3326976	21579	ok
soak@3326976	60001	circuit
soak@1663488	6709	ok
soak@1663488	8913	ok
soak@831744	6884	ok
soak@831744	5886	ok
soak@3326976	51255	ok
soak@3326976	27604	ok
soak@1663488	6117	ok
soak@1663488	60001	circuit
soak@831744	4957	ok
soak@831744	4558	ok
soak@3326976	65676	ok
soak@3326976	37854	ok
soak@1663488	7716	ok
soak@1663488	10799	ok
soak@831744	11985	ok
soak@831744	8258	ok
soak@3326976	6647	ok
soak@3326976	32965	ok
soak@1663488	11253	ok
soak@1663488	34306	ok
soak@831744	4878	ok
soak@831744	21365	ok
soak@3326976	60003	circuit
soak@3326976	73900	ok
soak@1663488	10545	ok
soak@1663488	20396	ok
soak@831744	5029	ok
soak@831744	22614	ok
soak@3326976	90181	ok
soak@3326976	76026	ok
soak@1663488	18625	ok
soak@1663488	6151	ok
soak@831744	21540	ok
soak@831744	7481	ok
soak@3326976	8990	ok
soak@3326976	7774	ok
soak@1663488	7463	ok
soak@1663488	10373	ok
soak@831744	28901	ok
soak@831744	16974	ok
soak@3326976	7530	ok
soak@3326976	14473	ok
soak@1663488	8587	ok
soak@1663488	60001	circuit
soak@831744	13894	ok
soak@831744	5395	ok
soak@3326976	9098	ok
soak@3326976	17239	ok
soak@1663488	23644	ok
soak@1663488	21234	ok
soak@831744	6844	ok
soak@831744	23953	ok
soak@3326976	9006	ok
soak@3326976	60001	circuit
soak@1663488	17103	ok
soak@1663488	34361	ok
soak@831744	19703	ok
soak@831744	37688	ok
soak@3326976	28931	ok
soak@3326976	56849	ok
soak@1663488	18303	ok
soak@1663488	11159	ok
soak@831744	22321	ok
soak@831744	6399	ok
soak@3326976	107681	ok
soak@3326976	16229	ok
soak@1663488	6236	ok
soak@1663488	60002	circuit
soak@831744	34512	ok
soak@831744	15241	ok
soak@3326976	9055	ok
soak@3326976	49829	ok
soak@1663488	6254	ok
soak@1663488	9983	ok
soak@831744	4836	ok
soak@831744	29206	ok
soak@3326976	20211	ok
soak@3326976	24513	ok
soak@1663488	20003	ok
soak@1663488	6309	ok
soak@831744	5603	ok
soak@831744	6363	ok
soak@3326976	11268	ok
soak@3326976	21356	ok
soak@1663488	9736	ok
soak@1663488	5590	ok
soak@831744	21804	ok
soak@831744	8849	ok
soak@3326976	9178	ok
soak@3326976	53272	ok
soak@1663488	16659	ok
soak@1663488	24774	ok
soak@831744	9777	ok
soak@831744	16473	ok
soak@3326976	48759	ok
soak@3326976	113019	ok
soak@1663488	30253	ok
soak@1663488	45375	ok
soak@831744	5914	ok
soak@831744	49329	timeout
soak@3326976	12288	ok
soak@3326976	66252	ok
soak@1663488	6133	ok
soak@1663488	40397	ok
soak@831744	15867	ok
soak@831744	8983	ok
soak@3326976	28475	ok
soak@3326976	82455	ok
soak@1663488	8577	ok
soak@1663488	10710	ok
soak@831744	11265	ok
soak@831744	17340	ok
soak@3326976	8354	ok
soak@3326976	11896	ok
soak@1663488	6345	ok
soak@1663488	32281	ok
soak@831744	5042	ok
soak@831744	8355	ok
soak@3326976	14488	ok
soak@3326976	190462	truncated
soak@1663488	10293	ok
soak@1663488	26488	ok
soak@831744	7754	ok
soak@831744	20382	ok
soak@3326976	10234	ok
soak@3326976	49163	ok
soak@1663488	6848	ok
soak@1663488	25664	ok
soak@831744	4993	ok
soak@831744	30820	ok
soak@3326976	31215	ok
soak@3326976	9924	ok
soak@1663488	60789	ok
soak@1663488	7569	ok
soak@831744	5896	ok
soak@831744	7581	ok
soak@3326976	13675	ok
soak@3326976	10312	ok
soak@1663488	38167	timeout
soak@1663488	12373	ok
soak@831744	23418	ok
soak@831744	32659	ok
soak@3326976	27821	ok
soak@3326976	55255	ok
soak@1663488	26203	ok
soak@1663488	7227	ok
soak@831744	5358	ok
soak@831744	17216	ok
soak@3326976	6960	ok
soak@3326976	49937	ok
soak@1663488	8602	ok
soak@1663488	35788	ok
soak@831744	5520	ok
soak@831744	60001	circuit
soak@3326976	62316	ok
soak@3326976	55894	ok
soak@1663488	13754	ok
soak@1663488	7477	ok
soak@831744	7774	ok
soak@831744	39272	ok
soak@3326976	7790	ok
soak@3326976	60001	circuit
soak@1663488	9691	ok
soak@1663488	10619	ok
soak@831744	7133	ok
soak@831744	5284	ok
soak@3326976	11180	ok
soak@3326976	17269	ok
soak@1663488	8746	ok
soak@1663488	7112	ok
soak@831744	15988	ok
soak@831744	5927	ok
soak@3326976	20039	ok
soak@3326976	11580	ok
soak@1663488	7792	ok
soak@1663488	8624	ok
soak@831744	6968	ok
soak@831744	6945	ok
soak@3326976	17364	ok
soak@3326976	9840	ok
soak@1663488	11611	ok
soak@1663488	12149	ok
soak@831744	7874	ok
soak@831744	10251	ok
soak@3326976	11197	ok
soak@3326976	7426	ok
soak@1663488	9544	ok
soak@1663488	8904	ok
soak@831744	24074	ok
soak@831744	12067	ok
soak@3326976	24572	ok
soak@3326976	10022	ok
soak@1663488	16386	ok
soak@1663488	8330	ok
soak@831744	5953	ok
soak@831744	9552	ok
soak@3326976	15435	ok
soak@3326976	10253	ok
soak@1663488	9165	ok
soak@1663488	11386	ok
soak@831744	8359	ok
soak@831744	6747	ok
soak@3326976	7496	ok
soak@3326976	52815	truncated
soak@1663488	11228	ok
soak@1663488	10286	ok
soak@831744	7704	ok
soak@831744	5286	ok
soak@3326976	30586	ok
soak@3326976	50618	truncated
soak@1663488	7832	ok
soak@1663488	6099	ok
soak@831744	9526	ok
soak@831744	17069	ok
soak@3326976	12271	ok
soak@3326976	8851	ok
soak@1663488	37180	ok
soak@1663488	8869	ok
soak@831744	9719	ok
soak@831744	57755	ok
soak@3326976	14279	ok
soak@3326976	11027	ok
soak@1663488	7098	ok
soak@1663488	6705	ok
soak@831744	5176	ok
soak@831744	6411	ok
soak@3326976	9959	ok
soak@3326976	18533	ok
soak@1663488	9155	ok
soak@1663488	9990	ok
soak@831744	28144	ok
soak@831744	5211	ok
soak@3326976	9907	ok
soak@3326976	60001	circuit
soak@1663488	95168	ok
soak@1663488	5979	ok
soak@831744	7215	ok
soak@831744	4685	ok
soak@3326976	11089	ok
soak@3326976	58884	ok
soak@1663488	6990	ok
soak@1663488	50450	ok
soak@831744	5560	ok
soak@831744	4711	ok
soak@3326976	30098	ok
soak@3326976	23582	ok
soak@1663488	5218	ok
soak@1663488	12060	ok
soak@831744	5980	ok
soak@831744	4129	ok
soak@3326976	8723	ok
soak@3326976	11009	ok
soak@1663488	8316	ok
soak@1663488	7607	ok
soak@831744	5229	ok
soak@831744	7186	ok
soak@3326976	19309	ok
soak@3326976	10628	ok
soak@1663488	5623	ok
soak@1663488	6657	ok
soak@831744	6005	ok
soak@831744	8428	ok
soak@3326976	6687	ok
soak@3326976	52557	ok
soak@1663488	7907	ok
soak@1663488	32733	circuit
soak@831744	4878	ok
soak@831744	4395	ok
soak@3326976	7476	ok
soak@3326976	12109	ok
soak@1663488	5254	ok
soak@1663488	17804	ok
soak@831744	4844	ok
soak@831744	4018	ok
soak@3326976	7566	ok
soak@3326976	12045	ok
soak@1663488	5997	ok
soak@1663488	27617	ok
soak@831744	7626	ok
soak@831744	7208	ok
soak@3326976	14239	ok
soak@3326976	10489	ok
soak@1663488	140219	ok
soak@1663488	5467	ok
soak@831744	7669	ok
soak@831744	4272	ok
soak@3326976	11312	ok
soak@3326976	24650	ok
soak@1663488	10605	ok
soak@1663488	76960	ok
soak@831744	4299	ok
soak@831744	4753	ok
soak@3326976	8411	ok
soak@3326976	11331	ok
soak@1663488	6655	ok
soak@1663488	7454	ok
soak@831744	5910	ok
soak@831744	4176	ok
soak@3326976	8786	ok
soak@3326976	41336	ok
soak@1663488	8919	ok
soak@1663488	8772	ok
soak@831744	4936	ok
soak@831744	4618	ok
soak@3326976	6247	ok
soak@3326976	10966	ok
soak@1663488	10457	ok
soak@1663488	19073	ok
soak@831744	4652	ok
soak@831744	7082	ok
soak@3326976	151575	ok
soak@3326976	32219	ok
soak@1663488	7963	ok
soak@1663488	9923	ok
soak@831744	6634	ok
soak@831744	37774	ok
soak@3326976	13960	ok
soak@3326976	9720	ok
soak@1663488	6874	ok
soak@1663488	5624	ok
soak@831744	7814	ok
soak@831744	7670	ok
soak@3326976	6628	ok
soak@3326976	5672	ok
soak@1663488	5019	ok
soak@1663488	5834	ok
soak@831744	11106	ok
soak@831744	4042	ok
soak@3326976	8857	ok
soak@3326976	11709	ok
soak@1663488	5369	ok
soak@1663488	5938	ok
soak@831744	5037	ok
soak@831744	9079	ok
soak@3326976	10978	ok
soak@3326976	11328	ok
soak@1663488	5072	ok
soak@1663488	6234	ok
soak@831744	7393	ok
soak@831744	4556	ok
soak@3326976	7504	ok
soak@3326976	35859	ok
soak@1663488	5331	ok
soak@1663488	7778	ok
soak@831744	6394	ok
soak@831744	5941	ok
soak@3326976	24506	ok
soak@3326976	7252	ok
soak@1663488	4591	ok
soak@1663488	5754	ok
soak@831744	4969	ok
soak@831744	5327	ok
soak@3326976	7285	ok
soak@3326976	9837	ok
soak@1663488	7055	ok
soak@1663488	6001	ok
soak@831744	5795	ok
soak@831744	5743	ok
soak@3326976	12910	ok
soak@3326976	60001	circuit
soak@1663488	13494	ok
soak@1663488	9151	ok
soak@831744	4380	ok
soak@831744	5064	ok
soak@3326976	7546	ok
soak@3326976	7884	ok
soak@1663488	7401	ok
soak@1663488	5571	ok
soak@831744	11135	ok
soak@831744	37906	ok
soak@3326976	7059	ok
soak@3326976	12148	ok
soak@1663488	9866	ok
soak@1663488	11245	ok
soak@831744	5876	ok
soak@831744	5039	ok
soak@3326976	9246	ok
soak@3326976	10954	ok
soak@1663488	5563	ok
soak@1663488	63682	ok
soak@831744	4663	ok
soak@831744	6845	ok
soak@3326976	7516	ok
soak@3326976	27747	ok
soak@1663488	6116	ok
soak@1663488	7006	ok
soak@831744	4380	ok
soak@831744	10506	ok
soak@3326976	7729	ok
soak@3326976	9380	ok
soak@1663488	7179	ok
soak@1663488	25815	ok
soak@831744	4984	ok
soak@831744	4470	ok
soak@3326976	14248	ok
soak@3326976	6067	ok
soak@1663488	50937	ok
soak@1663488	7169	ok
soak@831744	5665	ok
soak@831744	4337	ok
soak@3326976	7100	ok
soak@3326976	9987	ok
soak@1663488	10177	ok
soak@1663488	6449	ok
soak@831744	7154	ok
soak@831744	5613	ok
soak@3326976	6916	ok
soak@3326976	8737	ok
soak@1663488	11819	ok
soak@1663488	5312	ok
soak@831744	4815	ok
soak@831744	9653	ok
soak@3326976	7118	ok
soak@3326976	7855	ok
soak@1663488	21616	ok
soak@1663488	9629	ok
soak@831744	7866	ok
soak@831744	4809	ok
soak@3326976	10494	ok
soak@3326976	60001	circuit
soak@1663488	5483	ok
soak@1663488	60001	circuit
soak@831744	6011	ok
soak@831744	6125	ok
soak@3326976	10557	ok
soak@3326976	10948	ok
soak@1663488	9161	ok
soak@1663488	5348	ok
soak@831744	7473	ok
soak@831744	5311	ok
soak@3326976	28459	ok
soak@3326976	21350	ok
soak@1663488	5463	ok
soak@1663488	17328	ok
soak@831744	21178	ok
soak@831744	4570	ok
soak@3326976	11243	ok
soak@3326976	7882	ok
soak@1663488	11804	ok
soak@1663488	32533	ok
soak@831744	5082	ok
soak@831744	4783	ok
soak@3326976	83547	truncated
soak@3326976	8222	ok
soak@1663488	34996	ok
soak@1663488	15923	ok
soak@831744	6247	ok
soak@831744	5951	ok
soak@3326976	10973	ok
soak@3326976	8211	ok
soak@1663488	59898	ok
soak@1663488	5689	ok
soak@831744	7236	ok
soak@831744	11761	ok
soak@3326976	7423	ok
soak@3326976	7840	ok
soak@1663488	11064	ok
soak@1663488	6805	ok
soak@831744	10294	ok
soak@831744	4068	ok
soak@3326976	12145	ok
soak@3326976	6904	ok
soak@1663488	10216	ok
soak@1663488	17169	ok
soak@831744	4459	ok
soak@831744	7278	ok
soak@3326976	6664	ok
soak@3326976	10586	ok
soak@1663488	6285	ok
soak@1663488	9881	ok
soak@831744	6512	ok
soak@831744	8971	ok
soak@3326976	6610	ok
soak@3326976	12560	ok
soak@1663488	5533	ok
soak@1663488	9914	ok
soak@831744	4426	ok
soak@831744	4339	ok
soak@3326976	10774	ok
soak@3326976	18711	ok
soak@1663488	5165	ok
soak@1663488	5176	ok
soak@831744	6873	ok
soak@831744	4407	ok
soak@3326976	11277	ok
soak@3326976	11309	ok
soak@1663488	7341	ok
soak@1663488	4791	ok
soak@831744	5650	ok
soak@831744	12684	ok
soak@3326976	6624	ok
soak@3326976	11290	ok
soak@1663488	5907	ok
soak@1663488	11893	ok
soak@831744	5072	ok
soak@831744	11500	ok
soak@3326976	7660	ok
soak@3326976	7266	ok
soak@1663488	7595	ok
soak@1663488	9035	ok
soak@831744	6936	ok
soak@831744	4939	ok
soak@3326976	9598	ok
soak@3326976	6505	ok
soak@1663488	7289	ok
soak@1663488	9908	ok
soak@831744	5465	ok
soak@831744	8774	ok
soak@3326976	23652	ok
soak@3326976	11644	ok
soak@1663488	4938	ok
soak@1663488	14895	ok
soak@831744	5531	ok
soak@831744	31702	ok
soak@3326976	6808	ok
soak@3326976	76325	ok
soak@1663488	8643	ok
soak@1663488	8162	ok
soak@831744	4655	ok
soak@831744	14745	ok
soak@3326976	10744	ok
soak@3326976	173784	truncated
soak@1663488	7716	ok
soak@1663488	8217	ok
soak@831744	7911	ok
soak@831744	5049	ok
soak@3326976	16737	ok
soak@3326976	8067	ok
soak@1663488	10959	ok
soak@1663488	9259	ok
soak@831744	4511	ok
soak@831744	6138	ok
soak@3326976	7404	ok
soak@3326976	8759	ok
soak@1663488	7722	ok
soak@1663488	6433	ok
soak@831744	9948	ok
soak@831744	5461	ok
soak@3326976	12971	ok
soak@3326976	9084	ok
soak@1663488	6883	ok
soak@1663488	8831	ok
soak@831744	6681	ok
soak@831744	21126	ok
soak@3326976	18818	ok
soak@3326976	12806	ok
soak@1663488	7199	ok
soak@1663488	9177	ok
soak@831744	5145	ok
soak@831744	8143	ok
soak@3326976	9930	ok
soak@3326976	7563	ok
soak@1663488	6479	ok
soak@1663488	5395	ok
soak@831744	4776	ok
soak@831744	7875	ok
soak@3326976	8139	ok
soak@3326976	14734	ok
soak@1663488	6573	ok
soak@1663488	10783	ok
soak@831744	4747	ok
soak@831744	7886	ok
soak@3326976	13598	ok
soak@3326976	12674	ok
soak@1663488	75748	ok
soak@1663488	24241	ok
soak@831744	5200	ok
soak@831744	7162	ok
soak@3326976	11968	ok
soak@3326976	5445	ok
soak@1663488	7733	ok
soak@1663488	5788	ok
soak@831744	3627	ok
soak@831744	5854	ok
soak@3326976	7729	ok
soak@3326976	9829	ok
soak@1663488	7908	ok
soak@1663488	7158	ok
soak@831744	4383	ok
soak@831744	15276	ok
soak@3326976	12232	ok
soak@3326976	12136	ok
soak@1663488	5272	ok
soak@1663488	4444	ok
soak@831744	5074	ok
soak@831744	5552	ok
soak@3326976	7222	ok
soak@3326976	7685	ok
soak@1663488	5476	ok
soak@1663488	53012	ok
soak@831744	15900	ok
soak@831744	4283	ok
soak@3326976	36444	ok
soak@3326976	15744	ok
soak@1663488	5975	ok
soak@1663488	7463	ok
soak@831744	51515	timeout
soak@831744	7699	ok
soak@3326976	18788	ok
soak@3326976	18242	ok
soak@1663488	5232	ok
soak@1663488	7999	ok
soak@831744	5881	ok
soak@831744	5850	ok
soak@3326976	15155	ok
soak@3326976	8096	ok
soak@1663488	40941	ok
soak@1663488	115365	ok
soak@831744	6630	ok
soak@831744	10958	ok
soak@3326976	15481	ok
soak@3326976	8413	ok
soak@1663488	9242	ok
soak@1663488	88997	timeout
soak@831744	19955	ok
soak@831744	106503	timeout
soak@3326976	9518	ok
soak@3326976	130483	ok
soak@1663488	12309	ok
soak@1663488	6176	ok
soak@831744	4799	ok
soak@831744	6045	ok
soak@3326976	12307	ok
soak@3326976	11508	ok
soak@1663488	7021	ok
soak@1663488	8450	ok
soak@831744	6277	ok
soak@831744	7657	ok
soak@3326976	15018	ok
soak@3326976	8470	ok
soak@1663488	6181	ok
soak@1663488	5525	ok
soak@831744	5524	ok
soak@831744	4081	ok
soak@3326976	9855	ok
soak@3326976	6812	ok
soak@1663488	8606	ok
soak@1663488	6878	ok
soak@831744	4305	ok
soak@831744	4573	ok
soak@3326976	7860	ok
soak@3326976	9095	ok
soak@1663488	15002	ok
soak@1663488	7362	ok
soak@831744	6877	ok
soak@831744	5220	ok
soak@3326976	13325	ok
soak@3326976	7161	ok
soak@1663488	5362	ok
soak@1663488	6776	ok
soak@831744	5519	ok
soak@831744	10356	ok
soak@3326976	12699	ok
soak@3326976	7733	ok
soak@1663488	41399	ok
soak@1663488	9497	ok
soak@831744	8167	ok
soak@831744	5833	ok
soak@3326976	9407	ok
soak@3326976	53185	ok
soak@1663488	7371	ok
soak@1663488	8459	ok
soak@831744	9077	ok
soak@831744	5537	ok
soak@3326976	10762	ok
soak@3326976	13339	ok
soak@1663488	41197	ok
soak@1663488	8726	ok
soak@831744	14477	ok
soak@831744	7392	ok
soak@3326976	57753	ok
soak@3326976	10711	ok
soak@1663488	7192	ok
soak@1663488	6603	ok
soak@831744	5266	ok
soak@831744	6900	ok
soak@3326976	7254	ok
soak@3326976	12432	ok
soak@1663488	15112	ok
soak@1663488	81958	ok
soak@831744	6600	ok
soak@831744	5885	ok
soak@3326976	12936	ok
soak@3326976	6668	ok
soak@1663488	6961	ok
soak@1663488	11062	ok
soak@831744	7327	ok
soak@831744	6091	ok
soak@3326976	49998	ok
soak@3326976	36844	ok
soak@1663488	6912	ok
soak@1663488	6798	ok
soak@831744	5173	ok
soak@831744	7239	ok
soak@3326976	7813	ok
soak@3326976	49510	ok
soak@1663488	18051	ok
soak@1663488	9940	ok
soak@831744	8333	ok
soak@831744	5646	ok
soak@3326976	117735	ok
soak@3326976	16187	ok
soak@1663488	11792	ok
soak@1663488	28377	ok
soak@831744	24439	ok
soak@831744	5805	ok
soak@3326976	9657	ok
soak@3326976	46286	ok
soak@1663488	6716	ok
soak@1663488	10111	ok
soak@831744	6061	ok
soak@831744	7840	ok
soak@3326976	12010	ok
soak@3326976	7928	ok
soak@1663488	5601	ok
soak@1663488	26599	ok
soak@831744	7651	ok
soak@831744	5019	ok
soak@3326976	10344	ok
soak@3326976	12827	ok
soak@1663488	5406	ok
soak@1663488	6022	ok
soak@831744	5035	ok
soak@831744	7116	ok
soak@3326976	8639	ok
soak@3326976	13574	ok
soak@1663488	5632	ok
soak@1663488	10932	ok
soak@831744	6759	ok
soak@831744	5443	ok
soak@3326976	17182	ok
soak@3326976	7220	ok
soak@1663488	9589	ok
soak@1663488	6822	ok
soak@831744	4498	ok
soak@831744	10781	ok
soak@3326976	7856	ok
soak@3326976	15223	ok
soak@1663488	7623	ok
soak@1663488	50845	ok
soak@831744	6534	ok
soak@831744	4602	ok
soak@3326976	11291	ok
soak@3326976	6751	ok
soak@1663488	8507	ok
soak@1663488	6305	ok
soak@831744	6125	ok
soak@831744	7379	ok
soak@3326976	8451	ok
soak@3326976	11632	ok
soak@1663488	13992	ok
soak@1663488	16365	ok
soak@831744	5592	ok
soak@831744	8744	ok
soak@3326976	8811	ok
